"id","name","address","latitude","longitude","kakaoSearchKeyword","selectedKakaoPlaceName","selectedKakaoPlaceId","selectedKakaoPlaceUrl","confidenceScore","kakaoNeedsReview","reason","candidate1PlaceName","candidate1Id","candidate1PlaceUrl","candidate1AddressName","candidate1RoadAddressName","candidate1CategoryName","candidate2PlaceName","candidate2Id","candidate2PlaceUrl","candidate2AddressName","candidate2RoadAddressName","candidate2CategoryName","candidate3PlaceName","candidate3Id","candidate3PlaceUrl","candidate3AddressName","candidate3RoadAddressName","candidate3CategoryName"
"place-001","국립중앙박물관","서울 용산구 서빙고로 137","37.5239","126.9803","국립중앙박물관","국립중앙박물관","8830150","https://place.map.kakao.com/8830150","100","false","기존 수동 검증 ID 유지 · 이름 정확히 일치 · 지역 서울·용산구·서빙고로·137·용산 일치 · 기존 좌표에서 10m · 카테고리 박물관 일치 · 기존 장소 ID 일치","국립중앙박물관","8830150","https://place.map.kakao.com/8830150","서울 용산구 용산동6가 168-6","서울 용산구 서빙고로 137","문화,예술 > 문화시설 > 박물관","국립중앙박물관 상설전시관","17558259","https://place.map.kakao.com/17558259","서울 용산구 용산동6가 168-6","서울 용산구 서빙고로 137","문화,예술 > 문화시설 > 전시관","국립중앙박물관 대강당","1969680356","https://place.map.kakao.com/1969680356","서울 용산구 용산동6가 168-6","서울 용산구 서빙고로 137","문화,예술 > 문화시설"
"place-002","코엑스 아쿠아리움","서울 강남구 영동대로 513","37.5134","127.0588","코엑스 아쿠아리움","코엑스 아쿠아리움","12860036","https://place.map.kakao.com/12860036","100","false","기존 수동 검증 ID 유지 · 이름 정확히 일치 · 지역 서울·강남구·영동대로·513·강남 일치 · 기존 좌표에서 28m · 카테고리 아쿠아리움 일치 · 기존 장소 ID 일치","코엑스 아쿠아리움","12860036","https://place.map.kakao.com/12860036","서울 강남구 삼성동 159","서울 강남구 영동대로 513","문화,예술 > 문화시설 > 아쿠아리움","","","","","","","","","","","",""
"place-003","롯데월드","서울 송파구 올림픽로 240","37.5111","127.0982","롯데월드 어드벤처","롯데월드 어드벤처","27560699","https://place.map.kakao.com/27560699","100","false","기존 수동 검증 ID 유지 · 이름 정확히 일치 · 지역 서울·송파구·올림픽로·240·송파 일치 · 기존 좌표에서 7m · 카테고리 테마파크 일치 · 기존 장소 ID 일치","롯데월드 어드벤처","27560699","https://place.map.kakao.com/27560699","서울 송파구 잠실동 40-1","서울 송파구 올림픽로 240","여행 > 관광,명소 > 테마파크","롯데월드 어드벤처 메이플아일랜드","1473759919","https://place.map.kakao.com/1473759919","서울 송파구 잠실동 47-1","서울 송파구 송파나루길 15","여행 > 관광,명소 > 테마파크 > 테마파크시설","퍼틴 롯데월드점","1233410107","https://place.map.kakao.com/1233410107","서울 송파구 잠실동 40-1","서울 송파구 올림픽로 240","음식점 > 아시아음식 > 동남아음식 > 베트남음식"
"place-004","서울어린이대공원","서울 광진구 능동로 216","37.5494","127.0811","서울어린이대공원","서울어린이대공원","1512054004","https://place.map.kakao.com/1512054004","100","false","자동 매칭 승인 · 이름 정확히 일치 · 지역 서울·광진구·능동로·216·광진 일치 · 기존 좌표에서 99m · 기존 장소 ID 일치 · 2위와 21점 차이","서울어린이대공원","1512054004","https://place.map.kakao.com/1512054004","서울 광진구 능동 18","서울 광진구 능동로 216","여행 > 관광,명소 > 테마파크","서울어린이대공원 식물원","7993544","https://place.map.kakao.com/7993544","서울 광진구 능동 18-40","서울 광진구 광나루로 441","여행 > 관광,명소 > 수목원,식물원","서울어린이대공원 동물원","17556470","https://place.map.kakao.com/17556470","서울 광진구 능동 18","","여행 > 관광,명소 > 동물원"
"place-005","서울식물원","서울 강서구 마곡동로 161","37.5694","126.835","서울식물원","서울식물원","1164966384","https://place.map.kakao.com/1164966384","100","false","기존 수동 검증 ID 유지 · 이름 정확히 일치 · 지역 서울·강서구·마곡동로·161·강서 일치 · 기존 좌표에서 3m · 기존 장소 ID 일치","서울식물원","1164966384","https://place.map.kakao.com/1164966384","서울 강서구 마곡동 727-256","서울 강서구 마곡동로 161","여행 > 관광,명소 > 수목원,식물원","서울식물원 식물문화센터","1825513490","https://place.map.kakao.com/1825513490","서울 강서구 마곡동 727-256","서울 강서구 마곡동로 161","여행 > 관광,명소 > 수목원,식물원","서울식물원 식물문화센터 지하주차장","1090811713","https://place.map.kakao.com/1090811713","서울 강서구 마곡동 812","서울 강서구 마곡동로 161","교통,수송 > 교통시설 > 주차장"
"place-006","서대문자연사박물관","서울 서대문구 연희로32길 51","37.5767","126.9379","서대문자연사박물관","서대문자연사박물관","11139995","https://place.map.kakao.com/11139995","100","false","자동 매칭 승인 · 이름 정확히 일치 · 지역 서울·서대문구·연희로32길·51·서대문 일치 · 기존 좌표에서 6m · 카테고리 박물관 일치 · 기존 장소 ID 일치 · 2위와 21점 차이","서대문자연사박물관","11139995","https://place.map.kakao.com/11139995","서울 서대문구 연희동 141-52","서울 서대문구 연희로32길 51","문화,예술 > 문화시설 > 박물관","서대문자연사박물관 전시교육팀","9105315","https://place.map.kakao.com/9105315","서울 서대문구 연희동 141-52","서울 서대문구 연희로32길 51","서비스,산업 > 관리,운영 > 문화시설관리운영","서대문자연사박물관 주차장","20590581","https://place.map.kakao.com/20590581","서울 서대문구 연희동 141-52","","교통,수송 > 교통시설 > 주차장"
"place-007","서울숲","서울 성동구 성수동1가 678-1","37.5444","127.0374","서울숲","서울숲","11331488","https://place.map.kakao.com/11331488","100","false","자동 매칭 승인 · 이름 정확히 일치 · 지역 서울·성동구·성수동1가·6781·성동 일치 · 기존 좌표에서 21m · 카테고리 공원 일치 · 기존 장소 ID 일치 · 2위와 38점 차이","서울숲","11331488","https://place.map.kakao.com/11331488","서울 성동구 성수동1가 678-1","","여행 > 공원 > 도시근린공원","서울형키즈카페 시립 서울숲점","2081050390","https://place.map.kakao.com/2081050390","서울 성동구 성수동1가 720","","가정,생활 > 유아 > 놀이시설 > 키즈카페 > 서울형키즈카페","서울숲씨어터","1772440780","https://place.map.kakao.com/1772440780","서울 성동구 성수동1가 685-696","서울 성동구 서울숲2길 32-14","문화,예술 > 문화시설 > 공연장,연극극장"
"place-008","국립어린이과학관","서울 종로구 창경궁로 215","37.5812","126.9975","국립어린이과학관","국립어린이과학관","1955379751","https://place.map.kakao.com/1955379751","100","false","자동 매칭 승인 · 이름 정확히 일치 · 지역 서울·종로구·창경궁로·215·종로 일치 · 기존 좌표에서 91m · 카테고리 과학관 일치 · 기존 장소 ID 일치 · 2위와 21점 차이","국립어린이과학관","1955379751","https://place.map.kakao.com/1955379751","서울 종로구 와룡동 2-70","서울 종로구 창경궁로 215","문화,예술 > 문화시설 > 과학관","국립어린이과학관 빛놀이터","1842491908","https://place.map.kakao.com/1842491908","서울 종로구 와룡동 2-70","","문화,예술 > 문화시설 > 전시관","","","","","",""
"place-009","여의도한강공원","서울 영등포구 여의도동 85","37.5285","126.9349","여의도한강공원","여의도한강공원","10952963","https://place.map.kakao.com/10952963","100","false","자동 매칭 승인 · 이름 정확히 일치 · 지역 서울·영등포구·여의도동·85·영등포 일치 · 기존 좌표에서 235m · 카테고리 공원 일치 · 기존 장소 ID 일치 · 2위와 24점 차이","여의도한강공원","10952963","https://place.map.kakao.com/10952963","서울 영등포구 여의도동 85","","여행 > 공원 > 도시근린공원","여의도한강공원 이벤트광장","17924712","https://place.map.kakao.com/17924712","서울 영등포구 여의도동 84-4","","여행 > 공원시설물","여의도한강공원 멀티플라자","25758412","https://place.map.kakao.com/25758412","서울 영등포구 여의도동 84-4","","여행 > 공원시설물"
"place-010","별마당도서관","서울 강남구 삼성동 159-9","37.5101","127.06","별마당도서관","별마당도서관 스타필드코엑스몰","2104663194","https://place.map.kakao.com/2104663194","100","false","자동 매칭 승인 · 이름 정확히 일치 · 지역 서울·강남구·삼성동·1599·강남 일치 · 기존 좌표에서 17m · 카테고리 도서관 일치 · 기존 장소 ID 일치 · 2위와 66점 차이","별마당도서관 스타필드코엑스몰","2104663194","https://place.map.kakao.com/2104663194","서울 강남구 삼성동 159-9","","교육,학문 > 학습시설 > 도서관","퍼센트아라비카 1호점","109565743","https://place.map.kakao.com/109565743","서울 강남구 삼성동 159-9","","음식점 > 카페","","","","","",""
"place-011","서울역사박물관","서울 종로구 새문안로 55","37.5705","126.9707","서울역사박물관","서울역사박물관","7934135","https://place.map.kakao.com/7934135","100","false","자동 매칭 승인 · 이름 정확히 일치 · 지역 서울·종로구·새문안로·55·종로 일치 · 기존 좌표에서 13m · 카테고리 박물관 일치 · 기존 장소 ID 일치 · 2위와 21점 차이","서울역사박물관","7934135","https://place.map.kakao.com/7934135","서울 종로구 신문로2가 2-1","서울 종로구 새문안로 55","문화,예술 > 문화시설 > 박물관","서울역사박물관 어린이박물관","1741458115","https://place.map.kakao.com/1741458115","서울 종로구 신문로2가 2-1","서울 종로구 새문안로 55","문화,예술 > 문화시설 > 박물관","서울역사박물관 주차장","618986748","https://place.map.kakao.com/618986748","서울 종로구 신문로2가 1-126","서울 종로구 새문안로 45","교통,수송 > 교통시설 > 주차장"
"place-012","서울공예박물관","서울 종로구 율곡로3길 4","37.5768","126.9832","서울공예박물관","서울공예박물관","1038056172","https://place.map.kakao.com/1038056172","100","false","자동 매칭 승인 · 이름 정확히 일치 · 지역 서울·종로구·율곡로3길·종로 일치 · 기존 좌표에서 19m · 카테고리 박물관 일치 · 기존 장소 ID 일치 · 2위와 21점 차이","서울공예박물관","1038056172","https://place.map.kakao.com/1038056172","서울 종로구 안국동 175-112","서울 종로구 율곡로3길 4","문화,예술 > 문화시설 > 박물관","서울공예박물관 어린이박물관","1395978192","https://place.map.kakao.com/1395978192","서울 종로구 안국동 175-112","서울 종로구 율곡로3길 4","문화,예술 > 문화시설 > 박물관","서울공예박물관 직물보존연구센터","133825377","https://place.map.kakao.com/133825377","서울 종로구 안국동 175-112","서울 종로구 율곡로3길 4","문화,예술 > 문화시설 > 전시관"
"place-013","국립민속박물관","서울 종로구 삼청로 37","37.5814","126.9788","국립민속박물관 본관","국립민속박물관 본관","8191467","https://place.map.kakao.com/8191467","100","false","기존 수동 검증 ID 유지 · 이름 정확히 일치 · 지역 서울·종로구·삼청로·37·종로 일치 · 기존 좌표에서 38m · 카테고리 박물관 일치 · 기존 장소 ID 일치","국립민속박물관 본관","8191467","https://place.map.kakao.com/8191467","서울 종로구 세종로 1-1","서울 종로구 삼청로 37","문화,예술 > 문화시설 > 박물관","","","","","","","","","","","",""
"place-014","국립고궁박물관","서울 종로구 효자로 12","37.5766","126.9749","국립고궁박물관","국립고궁박물관","8214304","https://place.map.kakao.com/8214304","100","false","자동 매칭 승인 · 이름 정확히 일치 · 지역 서울·종로구·효자로·12·종로 일치 · 기존 좌표에서 6m · 카테고리 박물관 일치 · 기존 장소 ID 일치 · 2위와 24점 차이","국립고궁박물관","8214304","https://place.map.kakao.com/8214304","서울 종로구 세종로 1-57","서울 종로구 효자로 12","문화,예술 > 문화시설 > 박물관","국립고궁박물관 별관","1054632204","https://place.map.kakao.com/1054632204","서울 종로구 세종로 1-1","서울 종로구 사직로 161","문화,예술 > 문화시설 > 박물관","국립고궁박물관 전시동 1,2,지하1층 개방화장실","26336002","https://place.map.kakao.com/26336002","서울 종로구 세종로 1-57","서울 종로구 효자로 12","가정,생활 > 화장실"
"place-015","전쟁기념관","서울 용산구 이태원로 29","37.5365","126.977","전쟁기념관","전쟁기념관","8077761","https://place.map.kakao.com/8077761","100","false","자동 매칭 승인 · 이름 정확히 일치 · 지역 서울·용산구·이태원로·29·용산 일치 · 기존 좌표에서 63m · 카테고리 기념관 일치 · 기존 장소 ID 일치 · 2위와 21점 차이","전쟁기념관","8077761","https://place.map.kakao.com/8077761","서울 용산구 용산동1가 8","서울 용산구 이태원로 29","문화,예술 > 문화시설 > 기념관","전쟁기념관 기획전시실","12421790","https://place.map.kakao.com/12421790","서울 용산구 용산동1가 8","서울 용산구 이태원로 29","문화,예술 > 문화시설 > 전시관","전쟁기념관 이병형홀","11163836","https://place.map.kakao.com/11163836","서울 용산구 용산동1가 8","서울 용산구 이태원로 29","문화,예술 > 문화시설 > 공연장,연극극장"
"place-016","대한민국역사박물관","서울 종로구 세종대로 198","37.5739","126.9783","대한민국역사박물관","대한민국역사박물관","15104327","https://place.map.kakao.com/15104327","100","false","자동 매칭 승인 · 이름 정확히 일치 · 지역 서울·종로구·세종대로·198·종로 일치 · 기존 좌표에서 40m · 카테고리 박물관 일치 · 기존 장소 ID 일치 · 2위와 35점 차이","대한민국역사박물관","15104327","https://place.map.kakao.com/15104327","서울 종로구 세종로 82-1","서울 종로구 세종대로 198","문화,예술 > 문화시설 > 박물관","대한민국역사박물관 주차장","26458507","https://place.map.kakao.com/26458507","서울 종로구 세종로 82-1","서울 종로구 세종대로 198","교통,수송 > 교통시설 > 주차장","대한민국역사박물관1층 개방화장실","26335721","https://place.map.kakao.com/26335721","서울 종로구 세종로 82-1","서울 종로구 세종대로 198","가정,생활 > 화장실"
"place-017","서울상상나라","서울 광진구 능동로 216","37.5495","127.0857","서울상상나라","서울상상나라","1612238355","https://place.map.kakao.com/1612238355","100","false","자동 매칭 승인 · 이름 정확히 일치 · 지역 서울·광진구·능동로·216·광진 일치 · 기존 좌표에서 732m · 기존 장소 ID 일치 · 2위와 29점 차이","서울상상나라","1612238355","https://place.map.kakao.com/1612238355","서울 광진구 능동 18","서울 광진구 능동로 216","문화,예술 > 문화시설 > 박물관","서울형키즈카페 시립 서울상상나라점","1077861142","https://place.map.kakao.com/1077861142","서울 광진구 능동 18","서울 광진구 능동로 216","가정,생활 > 유아 > 놀이시설 > 키즈카페 > 서울형키즈카페","행복플러스가게 서울상상나라점","21546818","https://place.map.kakao.com/21546818","서울 광진구 능동 18","서울 광진구 능동로 216","음식점 > 카페"
"place-018","서울시립과학관","서울 노원구 한글비석로 160","37.6425","127.0775","서울시립과학관","서울시립과학관","30041527","https://place.map.kakao.com/30041527","100","false","자동 매칭 승인 · 이름 정확히 일치 · 지역 서울·노원구·한글비석로·160·노원 일치 · 기존 좌표에서 74m · 카테고리 과학관 일치 · 기존 장소 ID 일치 · 2위와 35점 차이","서울시립과학관","30041527","https://place.map.kakao.com/30041527","서울 노원구 하계동 21","서울 노원구 한글비석로 160","문화,예술 > 문화시설 > 과학관","서울시립과학관 주차장","1813190063","https://place.map.kakao.com/1813190063","서울 노원구 하계동 21","서울 노원구 한글비석로 160","교통,수송 > 교통시설 > 주차장","서울시 노원구 서울시립과학관 전기차충전소","161459096","https://place.map.kakao.com/161459096","서울 노원구 하계동 21","서울 노원구 한글비석로 160","교통,수송 > 자동차 > 전기차 충전소"
"place-019","국립항공박물관","서울 강서구 하늘길 177","37.5569","126.8088","국립항공박물관","국립항공박물관","1873127229","https://place.map.kakao.com/1873127229","100","false","자동 매칭 승인 · 이름 정확히 일치 · 지역 서울·강서구·하늘길·177·강서 일치 · 기존 좌표에서 6m · 카테고리 박물관 일치 · 기존 장소 ID 일치 · 2위와 35점 차이","국립항공박물관","1873127229","https://place.map.kakao.com/1873127229","서울 강서구 공항동 1373-5","서울 강서구 하늘길 177","문화,예술 > 문화시설 > 박물관","국립항공박물관 전기차충전소","1567189690","https://place.map.kakao.com/1567189690","서울 강서구 공항동 1373-5","서울 강서구 하늘길 177","교통,수송 > 자동차 > 전기차 충전소","국립항공박물관 항공배움놀이터","2008449848","https://place.map.kakao.com/2008449848","서울 강서구 공항동 1373-5","서울 강서구 하늘길 177","교육,학문 > 교육단체 > 체험학습장"
"place-020","뮤지엄김치간","서울 종로구 인사동길 35-4","37.5742","126.9849","뮤지엄김치간","뮤지엄김치간","26601040","https://place.map.kakao.com/26601040","100","false","자동 매칭 승인 · 이름 정확히 일치 · 지역 서울·종로구·인사동길·354·종로 일치 · 기존 좌표에서 66m · 카테고리 박물관 일치 · 기존 장소 ID 일치 · 2위와 100점 차이","뮤지엄김치간","26601040","https://place.map.kakao.com/26601040","서울 종로구 관훈동 192-15","서울 종로구 인사동길 35-4","문화,예술 > 문화시설 > 박물관","","","","","","","","","","","",""
"place-021","서울로봇인공지능과학관","서울 도봉구 마들로13길 56","37.6556","127.0495","서울로봇인공지능과학관","서울로봇인공지능과학관","1258334839","https://place.map.kakao.com/1258334839","100","false","기존 수동 검증 ID 유지 · 이름 정확히 일치 · 지역 서울·도봉구·마들로13길·56·도봉 일치 · 기존 좌표에서 2m · 카테고리 과학관 일치 · 기존 장소 ID 일치","서울로봇인공지능과학관","1258334839","https://place.map.kakao.com/1258334839","서울 도봉구 창동 1-25","서울 도봉구 마들로13길 56","문화,예술 > 문화시설 > 과학관","","","","","","","","","","","",""
"place-022","서울새활용플라자","서울 성동구 자동차시장길 49","37.5586","127.0574","서울새활용플라자","서울새활용플라자","1727961587","https://place.map.kakao.com/1727961587","100","false","자동 매칭 승인 · 이름 정확히 일치 · 지역 서울·성동구·자동차시장길·49·성동 일치 · 기존 좌표에서 37m · 기존 장소 ID 일치 · 2위와 35점 차이","서울새활용플라자","1727961587","https://place.map.kakao.com/1727961587","서울 성동구 용답동 250-14","서울 성동구 자동차시장길 49","문화,예술 > 문화시설","서울새활용플라자 주차장","225743458","https://place.map.kakao.com/225743458","서울 성동구 용답동 250-14","서울 성동구 자동차시장길 49","교통,수송 > 교통시설 > 주차장","서울새활용플라자 전기차충전소","1381704141","https://place.map.kakao.com/1381704141","서울 성동구 용답동 250-14","서울 성동구 자동차시장길 49","교통,수송 > 자동차 > 전기차 충전소"
"place-023","서울에너지드림센터","서울 마포구 증산로 14","37.5631","126.8947","서울에너지드림센터","서울에너지드림센터","19190782","https://place.map.kakao.com/19190782","100","false","자동 매칭 승인 · 이름 정확히 일치 · 지역 서울·마포구·증산로·14·마포 일치 · 기존 좌표에서 290m · 카테고리 전시관 일치 · 기존 장소 ID 일치 · 2위와 69점 차이","서울에너지드림센터","19190782","https://place.map.kakao.com/19190782","서울 마포구 상암동 1535-3","서울 마포구 증산로 14","문화,예술 > 문화시설 > 전시관","서울특별시환경교육센터","297854574","https://place.map.kakao.com/297854574","서울 마포구 상암동 1535-3","서울 마포구 증산로 14","교육,학문 > 교육단체","서울시탄소중립체험관","937348553","https://place.map.kakao.com/937348553","서울 마포구 상암동 1535-3","서울 마포구 증산로 14","교육,학문 > 교육단체 > 체험학습장"
"place-024","서울하수도과학관","서울 성동구 자동차시장3길 64","37.5593","127.0626","서울하수도과학관","서울하수도과학관","324009424","https://place.map.kakao.com/324009424","100","false","자동 매칭 승인 · 이름 정확히 일치 · 지역 서울·성동구·자동차시장3길·64·성동 일치 · 기존 좌표에서 448m · 카테고리 과학관 일치 · 기존 장소 ID 일치 · 2위와 100점 차이","서울하수도과학관","324009424","https://place.map.kakao.com/324009424","서울 성동구 용답동 250-7","서울 성동구 자동차시장3길 64","문화,예술 > 문화시설 > 과학관","","","","","","","","","","","",""
"place-025","서울시립미술관 서소문본관","서울 중구 덕수궁길 61","37.5641","126.9738","서울시립미술관 서소문본관","서울시립미술관 서소문본관","10507051","https://place.map.kakao.com/10507051","100","false","자동 매칭 승인 · 이름 정확히 일치 · 지역 서울·중구·덕수궁길·61 일치 · 기존 좌표에서 8m · 카테고리 미술관 일치 · 기존 장소 ID 일치 · 2위와 35점 차이","서울시립미술관 서소문본관","10507051","https://place.map.kakao.com/10507051","서울 중구 서소문동 37","서울 중구 덕수궁길 61","문화,예술 > 문화시설 > 미술관","서울시립미술관 서소문본관 주차장","14535368","https://place.map.kakao.com/14535368","서울 중구 서소문동 37","서울 중구 덕수궁길 15","교통,수송 > 교통시설 > 주차장","","","","","",""
"place-026","서울시립 북서울미술관","서울 노원구 동일로 1238","37.6409","127.0668","서울시립 북서울미술관","서울시립 북서울미술관","21748070","https://place.map.kakao.com/21748070","100","false","자동 매칭 승인 · 이름 정확히 일치 · 지역 서울·노원구·동일로·1238·노원 일치 · 기존 좌표에서 26m · 카테고리 미술관 일치 · 기존 장소 ID 일치 · 2위와 35점 차이","서울시립 북서울미술관","21748070","https://place.map.kakao.com/21748070","서울 노원구 중계동 508","서울 노원구 동일로 1238","문화,예술 > 문화시설 > 미술관","서울시립북서울미술관 주차장","326482790","https://place.map.kakao.com/326482790","서울 노원구 중계동 508","","교통,수송 > 교통시설 > 주차장 > 공영주차장","북서울시립미술관 전기차충전소","1606182401","https://place.map.kakao.com/1606182401","서울 노원구 중계동 508","서울 노원구 동일로 1238","교통,수송 > 자동차 > 전기차 충전소"
"place-027","서대문형무소역사관","서울 서대문구 통일로 251","37.5746","126.9579","서대문형무소역사관","서대문형무소역사관","7936297","https://place.map.kakao.com/7936297","100","false","자동 매칭 승인 · 이름 정확히 일치 · 지역 서울·서대문구·통일로·251·서대문 일치 · 기존 좌표에서 202m · 카테고리 박물관 일치 · 기존 장소 ID 일치 · 2위와 24점 차이","서대문형무소역사관","7936297","https://place.map.kakao.com/7936297","서울 서대문구 현저동 101","서울 서대문구 통일로 251","문화,예술 > 문화시설 > 박물관","서대문형무소역사관 격벽장","155905691","https://place.map.kakao.com/155905691","서울 서대문구 현저동 101","서울 서대문구 통일로 251","여행 > 관광,명소 > 문화유적","서대문형무소역사관 중앙사","379500557","https://place.map.kakao.com/379500557","서울 서대문구 현저동 101","서울 서대문구 통일로 251","여행 > 관광,명소 > 문화유적"
"place-028","돈의문박물관마을","서울 종로구 송월길 2","37.5688","126.9685","돈의문박물관마을","돈의문박물관마을","329694495","https://place.map.kakao.com/329694495","100","false","자동 매칭 승인 · 이름 정확히 일치 · 지역 서울·종로구·송월길·종로 일치 · 기존 좌표에서 56m · 카테고리 박물관 일치 · 기존 장소 ID 일치 · 2위와 100점 차이","돈의문박물관마을","329694495","https://place.map.kakao.com/329694495","서울 종로구 신문로2가 170","서울 종로구 송월길 2","문화,예술 > 문화시설 > 박물관","","","","","","","","","","","",""
"place-029","남산공원","서울 중구 남산공원길 125-54","37.5509","126.9909","남산공원","남산공원","8246129","https://place.map.kakao.com/8246129","100","false","자동 매칭 승인 · 이름 정확히 일치 · 지역 서울·중구·남산공원길·12554 일치 · 기존 좌표에서 225m · 카테고리 공원 일치 · 기존 장소 ID 일치 · 2위와 16점 차이","남산공원","8246129","https://place.map.kakao.com/8246129","서울 중구 예장동 산 5-6","서울 중구 남산공원길 125-54","여행 > 공원 > 도시근린공원","남산공원","117988874","https://place.map.kakao.com/117988874","서울 중구 남창동 205-4","","여행 > 공원","남산공원 팔각안내센터","1337262760","https://place.map.kakao.com/1337262760","서울 용산구 용산동2가 산 1-3","서울 용산구 남산공원길 126","여행 > 관광,명소 > 관광안내소"
"place-030","북서울꿈의숲","서울 강북구 월계로 173","37.6203","127.0416","북서울꿈의숲","북서울꿈의숲","11321061","https://place.map.kakao.com/11321061","100","false","자동 매칭 승인 · 이름 정확히 일치 · 지역 서울·강북구·월계로·173·강북 일치 · 기존 좌표에서 367m · 카테고리 공원 일치 · 기존 장소 ID 일치 · 2위와 24점 차이","북서울꿈의숲","11321061","https://place.map.kakao.com/11321061","서울 강북구 번동 90","서울 강북구 월계로 173","여행 > 공원 > 도시근린공원","북서울꿈의숲 방문자센터","17558359","https://place.map.kakao.com/17558359","서울 강북구 번동 90","서울 강북구 월계로 173","여행 > 공원시설물","북서울꿈의숲 계절수목원","17559147","https://place.map.kakao.com/17559147","서울 강북구 번동 115-5","서울 강북구 월계로 173","여행 > 관광,명소 > 수목원,식물원"
"place-031","월드컵공원","서울 마포구 상암동 481-72","37.5683","126.8813","월드컵공원","월드컵공원","27217950","https://place.map.kakao.com/27217950","100","false","자동 매칭 승인 · 이름 정확히 일치 · 지역 서울·마포구·상암동·48172·마포 일치 · 기존 좌표에서 801m · 카테고리 공원 일치 · 기존 장소 ID 일치 · 2위와 19점 차이","월드컵공원","27217950","https://place.map.kakao.com/27217950","서울 마포구 상암동 481-72","","여행 > 공원","월드컵공원","11346534","https://place.map.kakao.com/11346534","서울 마포구 성산동 390-1","서울 마포구 월드컵로 243-60","여행 > 공원","월드컵공원 장미원","1969052475","https://place.map.kakao.com/1969052475","서울 마포구 상암동 1535","","여행 > 공원"
"place-032","문화비축기지","서울 마포구 증산로 87","37.5703","126.895","문화비축기지","문화비축기지","27459153","https://place.map.kakao.com/27459153","100","false","자동 매칭 승인 · 이름 정확히 일치 · 지역 서울·마포구·증산로·87·마포 일치 · 기존 좌표에서 109m · 기존 장소 ID 일치 · 2위와 24점 차이","문화비축기지","27459153","https://place.map.kakao.com/27459153","서울 마포구 성산동 661","서울 마포구 증산로 87","여행 > 공원","문화비축기지 공연장","1138497290","https://place.map.kakao.com/1138497290","서울 마포구 성산동 670","서울 마포구 증산로 87","문화,예술 > 문화시설 > 공연장,연극극장","서울테마산책길 문화비축기지 산책로","946539824","https://place.map.kakao.com/946539824","서울 마포구 성산동 661","","여행 > 관광,명소 > 도보여행"
"place-033","올림픽공원","서울 송파구 올림픽로 424","37.5207","127.1215","올림픽공원","올림픽공원","8023565","https://place.map.kakao.com/8023565","100","false","자동 매칭 승인 · 이름 정확히 일치 · 지역 서울·송파구·올림픽로·424·송파 일치 · 기존 좌표에서 63m · 카테고리 공원 일치 · 기존 장소 ID 일치 · 2위와 29점 차이","올림픽공원","8023565","https://place.map.kakao.com/8023565","서울 송파구 방이동 88-3","서울 송파구 올림픽로 424","여행 > 공원","올림픽공원 올림픽회관","18049512","https://place.map.kakao.com/18049512","서울 송파구 방이동 88","서울 송파구 올림픽로 424","여행 > 공원시설물","올림픽공원 몽촌토성","8313691","https://place.map.kakao.com/8313691","서울 송파구 방이동 88","서울 송파구 올림픽로 424","여행 > 관광,명소 > 문화유적 > 산성,성곽"
"place-034","석촌호수","서울 송파구 잠실동 47","37.5087","127.1009","석촌호수 서호","석촌호수 서호","7947003","https://place.map.kakao.com/7947003","100","false","기존 수동 검증 ID 유지 · 이름 정확히 일치 · 지역 서울·송파구·잠실동·47·송파 일치 · 기존 좌표에서 194m · 기존 장소 ID 일치","석촌호수 서호","7947003","https://place.map.kakao.com/7947003","서울 송파구 잠실동 47","","여행 > 관광,명소 > 호수","컴포즈커피 석촌호수서호입구점","1044610636","https://place.map.kakao.com/1044610636","서울 송파구 삼전동 130-6","서울 송파구 삼학사로19길 2","음식점 > 카페 > 커피전문점 > 컴포즈커피","서호1공영주차장","988471834","https://place.map.kakao.com/988471834","서울 송파구 잠실동 47","","교통,수송 > 교통시설 > 주차장 > 공영주차장"
"place-035","보라매공원","서울 동작구 신대방동 722","37.4927","126.9199","보라매공원","보라매공원","11338178","https://place.map.kakao.com/11338178","100","false","자동 매칭 승인 · 이름 정확히 일치 · 지역 서울·동작구·신대방동·722·동작 일치 · 기존 좌표에서 84m · 카테고리 공원 일치 · 기존 장소 ID 일치 · 2위와 21점 차이","보라매공원","11338178","https://place.map.kakao.com/11338178","서울 동작구 신대방동 722","","여행 > 공원 > 도시근린공원","보라매공원 중앙잔디광장","17556321","https://place.map.kakao.com/17556321","서울 동작구 신대방동 395","서울 동작구 보라매로5길 28","여행 > 공원시설물","보라매공원 관리사무소","7892033","https://place.map.kakao.com/7892033","서울 동작구 신대방동 722","서울 동작구 여의대방로20길 33","서비스,산업 > 관리,운영 > 공원관리운영"
"place-036","선유도공원","서울 영등포구 선유로 343","37.5439","126.9006","선유도공원","선유도공원","17163566","https://place.map.kakao.com/17163566","100","false","자동 매칭 승인 · 이름 정확히 일치 · 지역 서울·영등포구·선유로·343·영등포 일치 · 기존 좌표에서 70m · 카테고리 공원 일치 · 기존 장소 ID 일치 · 2위와 21점 차이","선유도공원","17163566","https://place.map.kakao.com/17163566","서울 영등포구 당산동 1","서울 영등포구 선유로 343","여행 > 공원 > 도시근린공원","선유도 공원 수생식물원","17562795","https://place.map.kakao.com/17562795","서울 영등포구 당산동 1","서울 영등포구 선유로 343","여행 > 관광,명소 > 수목원,식물원","선유도공원 녹색기둥의정원","17559122","https://place.map.kakao.com/17559122","서울 영등포구 당산동 1","서울 영등포구 선유로 343","여행 > 공원시설물"
"place-037","노들섬","서울 용산구 양녕로 445","37.5178","126.9585","노들섬","노들섬","8252248","https://place.map.kakao.com/8252248","100","false","자동 매칭 승인 · 이름 정확히 일치 · 지역 서울·용산구·양녕로·445·용산 일치 · 기존 좌표에서 43m · 기존 장소 ID 일치 · 2위와 35점 차이","노들섬","8252248","https://place.map.kakao.com/8252248","서울 용산구 이촌동 302-146","서울 용산구 양녕로 445","여행 > 관광,명소 > 섬 > 섬(내륙)","노들섬라이브하우스","164775369","https://place.map.kakao.com/164775369","서울 용산구 이촌동 302-146","","문화,예술 > 문화시설 > 공연장,연극극장","노들섬 노들라운지","1806877428","https://place.map.kakao.com/1806877428","서울 용산구 이촌동 302-146","서울 용산구 양녕로 445","문화,예술 > 문화시설"
"place-038","경의선숲길","서울 마포구 동교동 190-1","37.5565","126.9296","경의선숲길","경의선숲길","1158487374","https://place.map.kakao.com/1158487374","100","false","자동 매칭 승인 · 이름 정확히 일치 · 지역 서울·마포구·동교동·1901·마포 일치 · 기존 좌표에서 455m · 카테고리 공원 일치 · 기존 장소 ID 일치 · 2위와 14점 차이","경의선숲길","1158487374","https://place.map.kakao.com/1158487374","서울 마포구 동교동 190-1","","여행 > 공원","경의선숲길","27388917","https://place.map.kakao.com/27388917","서울 마포구 연남동 375","","여행 > 공원","경의선숲길","1524861109","https://place.map.kakao.com/1524861109","서울 마포구 대흥동 325-82","","여행 > 공원"
"place-039","서울스카이","서울 송파구 올림픽로 300","37.5126","127.1025","서울스카이","서울스카이","680691609","https://place.map.kakao.com/680691609","100","false","기존 수동 검증 ID 유지 · 이름 정확히 일치 · 지역 서울·송파구·올림픽로·300·송파 일치 · 기존 좌표에서 11m · 기존 장소 ID 일치","서울스카이","680691609","https://place.map.kakao.com/680691609","서울 송파구 신천동 29","서울 송파구 올림픽로 300","여행 > 관광,명소 > 전망대","서울스카이 123라운지","1277414055","https://place.map.kakao.com/1277414055","서울 송파구 신천동 29","서울 송파구 올림픽로 300","음식점 > 양식","모찌이야기 잠실롯데월드몰 서울스카이점","1473291422","https://place.map.kakao.com/1473291422","서울 송파구 신천동 29","서울 송파구 올림픽로 300","음식점 > 카페 > 테마카페 > 디저트카페"
"place-040","키자니아 서울","서울 송파구 올림픽로 240","37.5113","127.0957","키자니아 서울","키자니아 서울","17735905","https://place.map.kakao.com/17735905","100","false","기존 수동 검증 ID 유지 · 이름 정확히 일치 · 지역 서울·송파구·올림픽로·240·송파 일치 · 기존 좌표에서 117m · 기존 장소 ID 일치","키자니아 서울","17735905","https://place.map.kakao.com/17735905","서울 송파구 잠실동 40-1","서울 송파구 올림픽로 240","교육,학문 > 교육단체 > 체험학습장","키자니아 응급의학센터","254797991","https://place.map.kakao.com/254797991","서울 송파구 잠실동 40-1","서울 송파구 올림픽로 240","교육,학문 > 교육단체 > 체험학습장","키자니아 약국","564161207","https://place.map.kakao.com/564161207","서울 송파구 잠실동 40-1","서울 송파구 올림픽로 240","교육,학문 > 교육단체 > 체험학습장"
"place-041","동대문디자인플라자","서울 중구 을지로 281","37.5665","127.0092","동대문디자인플라자","동대문디자인플라자","25022134","https://place.map.kakao.com/25022134","100","false","자동 매칭 승인 · 이름 정확히 일치 · 지역 서울·중구·을지로·281 일치 · 기존 좌표에서 98m · 카테고리 문화시설 일치 · 기존 장소 ID 일치 · 2위와 21점 차이","동대문디자인플라자","25022134","https://place.map.kakao.com/25022134","서울 중구 을지로7가 2-1","서울 중구 을지로 281","문화,예술 > 문화시설","동대문디자인플라자 디자인전시관","25753389","https://place.map.kakao.com/25753389","서울 중구 을지로7가 2-1","서울 중구 을지로 281","문화,예술 > 문화시설 > 전시관","동대문디자인플라자 뮤지엄","1842526609","https://place.map.kakao.com/1842526609","서울 중구 을지로7가 143","서울 중구 을지로 281","문화,예술 > 문화시설"
"place-042","청계천","서울 종로구 서린동 148","37.569","126.9787","청계천","청계천","10849847","https://place.map.kakao.com/10849847","100","false","자동 매칭 승인 · 이름 정확히 일치 · 지역 서울·종로구·서린동·148·종로 일치 · 기존 좌표에서 17m · 기존 장소 ID 일치 · 2위와 28점 차이","청계천","10849847","https://place.map.kakao.com/10849847","서울 종로구 서린동 148","","여행 > 관광,명소 > 하천","청계천","25730252","https://place.map.kakao.com/25730252","서울 종로구 관수동","","여행 > 관광,명소 > 하천","청계천한빛공원","24974768","https://place.map.kakao.com/24974768","서울 중구 삼각동 118","","여행 > 공원"
"place-043","경복궁","서울 종로구 사직로 161","37.5796","126.977","경복궁","경복궁","18619553","https://place.map.kakao.com/18619553","100","false","자동 매칭 승인 · 이름 정확히 일치 · 지역 서울·종로구·사직로·161·종로 일치 · 기존 좌표에서 220m · 기존 장소 ID 일치 · 2위와 35점 차이","경복궁","18619553","https://place.map.kakao.com/18619553","서울 종로구 세종로 1-1","서울 종로구 사직로 161","여행 > 관광,명소 > 문화유적 > 고궁,궁","경복궁 경회루","18619551","https://place.map.kakao.com/18619551","서울 종로구 세종로 1-1","","여행 > 관광,명소 > 문화유적","경복궁 근정전","17343711","https://place.map.kakao.com/17343711","서울 종로구 세종로 1-1","서울 종로구 사직로 161","여행 > 관광,명소 > 문화유적"
"place-044","창덕궁","서울 종로구 율곡로 99","37.5794","126.991","창덕궁","창덕궁","10771162","https://place.map.kakao.com/10771162","100","false","자동 매칭 승인 · 이름 정확히 일치 · 지역 서울·종로구·율곡로·99·종로 일치 · 기존 좌표에서 27m · 기존 장소 ID 일치 · 2위와 38점 차이","창덕궁","10771162","https://place.map.kakao.com/10771162","서울 종로구 와룡동 2-71","서울 종로구 율곡로 99","여행 > 관광,명소 > 문화유적 > 고궁,궁","창덕궁 금호문","8236759","https://place.map.kakao.com/8236759","서울 종로구 와룡동 2-71","서울 종로구 율곡로 99","여행 > 관광,명소 > 문화유적 > 문","창덕궁 후원 입구","972331115","https://place.map.kakao.com/972331115","서울 종로구 와룡동 2-71","","교통,수송 > 입출구"
"place-045","국립현대미술관 서울","서울 종로구 삼청로 30","37.5786","126.9805","국립현대미술관 서울","국립현대미술관 서울","17952661","https://place.map.kakao.com/17952661","100","false","자동 매칭 승인 · 이름 정확히 일치 · 지역 서울·종로구·삼청로·30·종로 일치 · 기존 좌표에서 35m · 카테고리 미술관 일치 · 기존 장소 ID 일치 · 2위와 24점 차이","국립현대미술관 서울","17952661","https://place.map.kakao.com/17952661","서울 종로구 소격동 165-10","서울 종로구 삼청로 30","문화,예술 > 문화시설 > 미술관","국립현대미술관 서울 교육동 아이공간","132577394","https://place.map.kakao.com/132577394","서울 종로구 소격동 165","서울 종로구 삼청로 30","문화,예술 > 문화시설","테라로사 국립현대미술관서울점","749467532","https://place.map.kakao.com/749467532","서울 종로구 소격동 165","서울 종로구 삼청로 30","음식점 > 카페 > 커피전문점"
"place-046","국립과천과학관","경기 과천시 상하벌로 110","37.4383","127.0057","국립과천과학관","국립과천과학관","11374610","https://place.map.kakao.com/11374610","100","false","기존 수동 검증 ID 유지 · 이름 정확히 일치 · 지역 경기·과천시·상하벌로·110·과천 일치 · 기존 좌표에서 28m · 카테고리 과학관 일치 · 기존 장소 ID 일치","국립과천과학관","11374610","https://place.map.kakao.com/11374610","경기 과천시 과천동 758","경기 과천시 상하벌로 110","문화,예술 > 문화시설 > 과학관","국립과천과학관 자연사관","663396323","https://place.map.kakao.com/663396323","경기 과천시 과천동 758","경기 과천시 상하벌로 110","문화,예술 > 문화시설 > 과학관","국립과천과학관 천체투영관","17566665","https://place.map.kakao.com/17566665","경기 과천시 과천동 758","경기 과천시 상하벌로 110","문화,예술 > 문화시설 > 전시관"
"place-047","서울랜드","경기 과천시 광명로 181","37.4359","127.0197","서울랜드","서울랜드","8360993","https://place.map.kakao.com/8360993","100","false","자동 매칭 승인 · 이름 정확히 일치 · 지역 경기·과천시·광명로·181·과천 일치 · 기존 좌표에서 238m · 카테고리 테마파크 일치 · 기존 장소 ID 일치 · 2위와 21점 차이","서울랜드","8360993","https://place.map.kakao.com/8360993","경기 과천시 막계동 108","경기 과천시 광명로 181","여행 > 관광,명소 > 테마파크","서울랜드 삼천리대극장","17807358","https://place.map.kakao.com/17807358","경기 과천시 막계동 131-1","","여행 > 관광,명소 > 테마파크 > 테마파크시설","서울랜드 드라이브코스","717117117","https://place.map.kakao.com/717117117","경기 과천시 막계동 산 25-2","","여행 > 관광,명소 > 드라이브코스"
"place-048","서울대공원","경기 과천시 막계동 890-1","37.4277","127.017","서울대공원 서울동물원","서울대공원 서울동물원","971122014","https://place.map.kakao.com/971122014","100","false","기존 수동 검증 ID 유지 · 이름 정확히 일치 · 지역 경기·과천시·막계동·8901·과천 일치 · 기존 좌표에서 336m · 카테고리 동물원 일치 · 기존 장소 ID 일치","서울대공원 서울동물원","971122014","https://place.map.kakao.com/971122014","경기 과천시 막계동 890-1","","여행 > 관광,명소 > 동물원","서울대공원 제1아프리카관","17575724","https://place.map.kakao.com/17575724","경기 과천시 막계동 639-1","","여행 > 관광,명소 > 동물원","서울대공원 어린이동물원","27364325","https://place.map.kakao.com/27364325","경기 과천시 막계동 623","경기 과천시 대공원광장로 102","여행 > 관광,명소 > 동물원"
"place-049","국립현대미술관 과천","경기 과천시 광명로 313","37.431","127.0198","국립현대미술관 과천","국립현대미술관 과천","8218715","https://place.map.kakao.com/8218715","100","false","자동 매칭 승인 · 이름 정확히 일치 · 지역 경기·과천시·광명로·313·과천 일치 · 기존 좌표에서 40m · 카테고리 미술관 일치 · 기존 장소 ID 일치 · 2위와 21점 차이","국립현대미술관 과천","8218715","https://place.map.kakao.com/8218715","경기 과천시 막계동 산 48-3","경기 과천시 광명로 313","문화,예술 > 문화시설 > 미술관","국립현대미술관 과천관 도서자료실","10137397","https://place.map.kakao.com/10137397","경기 과천시 막계동 산 48-3","경기 과천시 광명로 313","문화,예술 > 문화시설 > 미술관","국립현대미술관 과천 미술도서실","403687783","https://place.map.kakao.com/403687783","경기 과천시 막계동 산 58-4","경기 과천시 광명로 313","교육,학문 > 학습시설 > 도서관"
"place-050","에버랜드","경기 용인시 처인구 포곡읍 에버랜드로 199","37.2938","127.2021","에버랜드","에버랜드","784414359","https://place.map.kakao.com/784414359","100","false","자동 매칭 승인 · 이름 정확히 일치 · 지역 경기·용인시·처인구·포곡읍·에버랜드로·199·용인 일치 · 기존 좌표에서 77m · 카테고리 테마파크 일치 · 기존 장소 ID 일치 · 2위와 21점 차이","에버랜드","784414359","https://place.map.kakao.com/784414359","경기 용인시 처인구 포곡읍 전대리 310","경기 용인시 처인구 포곡읍 에버랜드로 199","여행 > 관광,명소 > 테마파크","에버랜드 판다월드","17573502","https://place.map.kakao.com/17573502","경기 용인시 처인구 포곡읍 전대리 519-19","경기 용인시 처인구 포곡읍 에버랜드로 199","여행 > 관광,명소 > 테마파크 > 테마파크시설","에버랜드 스피드웨이","682445665","https://place.map.kakao.com/682445665","경기 용인시 처인구 포곡읍 유운리 537-1","경기 용인시 처인구 포곡읍 에버랜드로 199","여행 > 관광,명소 > 테마파크 > 테마파크시설"
"place-051","한국민속촌","경기 용인시 기흥구 민속촌로 90","37.2584","127.119","한국민속촌","한국민속촌","8135083","https://place.map.kakao.com/8135083","100","false","자동 매칭 승인 · 이름 정확히 일치 · 지역 경기·용인시·기흥구·민속촌로·90·용인 일치 · 기존 좌표에서 152m · 기존 장소 ID 일치 · 2위와 24점 차이","한국민속촌","8135083","https://place.map.kakao.com/8135083","경기 용인시 기흥구 보라동 35","경기 용인시 기흥구 민속촌로 90","여행 > 관광,명소 > 민속촌","한국민속촌 박물관","17576367","https://place.map.kakao.com/17576367","경기 용인시 기흥구 보라동 35","경기 용인시 기흥구 민속촌로 90","문화,예술 > 문화시설 > 박물관","한국민속촌 놀이마을","17576648","https://place.map.kakao.com/17576648","경기 용인시 기흥구 보라동 35","경기 용인시 기흥구 민속촌로 90","여행 > 관광,명소 > 테마파크 > 테마파크시설"
"place-052","경기도어린이박물관","경기 용인시 기흥구 상갈로 6","37.2681","127.108","경기도어린이박물관","경기도어린이박물관","14747809","https://place.map.kakao.com/14747809","100","false","자동 매칭 승인 · 이름 정확히 일치 · 지역 경기·용인시·기흥구·상갈로·용인 일치 · 기존 좌표에서 168m · 카테고리 박물관 일치 · 기존 장소 ID 일치 · 2위와 38점 차이","경기도어린이박물관","14747809","https://place.map.kakao.com/14747809","경기 용인시 기흥구 상갈동 496","경기 용인시 기흥구 상갈로 6","문화,예술 > 문화시설 > 박물관","경기도어린이박물관 (급) 전기차충전소","2120782639","https://place.map.kakao.com/2120782639","경기 용인시 기흥구 상갈동 496","경기 용인시 기흥구 상갈로 6","교통,수송 > 자동차 > 전기차 충전소","경기도어린이박물관 주차장","1426825904","https://place.map.kakao.com/1426825904","경기 용인시 기흥구 상갈동 496","경기 용인시 기흥구 상갈로 6","교통,수송 > 교통시설 > 주차장"
"place-053","삼성화재 모빌리티뮤지엄","경기 용인시 처인구 포곡읍 에버랜드로376번길 171","37.299","127.2161","삼성화재 모빌리티뮤지엄","삼성화재 모빌리티뮤지엄","23817394","https://place.map.kakao.com/23817394","100","false","자동 매칭 승인 · 이름 정확히 일치 · 지역 경기·용인시·처인구·포곡읍·에버랜드로376번길·171·용인 일치 · 기존 좌표에서 167m · 카테고리 박물관 일치 · 기존 장소 ID 일치 · 2위와 100점 차이","삼성화재 모빌리티뮤지엄","23817394","https://place.map.kakao.com/23817394","경기 용인시 처인구 포곡읍 유운리 432","경기 용인시 처인구 포곡읍 에버랜드로376번길 171","문화,예술 > 문화시설 > 박물관","","","","","","","","","","","",""
"place-054","용인농촌테마파크","경기 용인시 처인구 원삼면 농촌파크로 80-1","37.1645","127.308","용인농촌테마파크","용인농촌테마파크","1125507111","https://place.map.kakao.com/1125507111","100","false","기존 수동 검증 ID 유지 · 이름 정확히 일치 · 지역 경기·용인시·처인구·원삼면·농촌파크로·801·용인 일치 · 기존 좌표에서 1233m · 기존 장소 ID 일치","용인농촌테마파크","1125507111","https://place.map.kakao.com/1125507111","경기 용인시 처인구 원삼면 사암리 871-3","경기 용인시 처인구 원삼면 농촌파크로 80-1","여행 > 관광,명소 > 테마파크","용인농촌테마파크 들꽃단지","17579269","https://place.map.kakao.com/17579269","경기 용인시 처인구 원삼면 사암리 871-3","경기 용인시 처인구 원삼면 농촌파크로 80-1","여행 > 관광,명소","용인농촌테마파크 아취덩굴터널","17576519","https://place.map.kakao.com/17576519","경기 용인시 처인구 원삼면 사암리 871-3","경기 용인시 처인구 원삼면 농촌파크로 80-1","여행 > 관광,명소"
"place-055","한국잡월드","경기 성남시 분당구 분당수서로 501","37.3928","127.1065","한국잡월드","한국잡월드","12372993","https://place.map.kakao.com/12372993","100","false","기존 수동 검증 ID 유지 · 이름 정확히 일치 · 지역 경기·성남시·분당구·분당수서로·501·성남 일치 · 기존 좌표에서 1588m · 기존 장소 ID 일치","한국잡월드","12372993","https://place.map.kakao.com/12372993","경기 성남시 분당구 정자동 4-6","경기 성남시 분당구 분당수서로 501","문화,예술 > 문화시설","한국잡월드 청소년체험관","968068443","https://place.map.kakao.com/968068443","경기 성남시 분당구 정자동 4-6","경기 성남시 분당구 분당수서로 501","문화,예술 > 문화시설","한국잡월드 어린이체험관","1648236637","https://place.map.kakao.com/1648236637","경기 성남시 분당구 정자동 4-6","경기 성남시 분당구 분당수서로 501","문화,예술 > 문화시설"
"place-056","율동공원","경기 성남시 분당구 문정로 145","37.3797","127.1504","율동공원","율동공원","12455726","https://place.map.kakao.com/12455726","100","false","자동 매칭 승인 · 이름 정확히 일치 · 지역 경기·성남시·분당구·문정로·145·성남 일치 · 기존 좌표에서 151m · 카테고리 공원 일치 · 기존 장소 ID 일치 · 2위와 24점 차이","율동공원","12455726","https://place.map.kakao.com/12455726","경기 성남시 분당구 율동 318","경기 성남시 분당구 문정로 145","여행 > 공원 > 도시근린공원","율동공원 만남의광장","17385289","https://place.map.kakao.com/17385289","경기 성남시 분당구 율동 318","경기 성남시 분당구 문정로 145","여행 > 공원시설물","율동공원 관리사무소","17563469","https://place.map.kakao.com/17563469","경기 성남시 분당구 율동 318","경기 성남시 분당구 문정로 145","서비스,산업 > 관리,운영 > 공원관리운영"
"place-057","광명동굴","경기 광명시 가학동 34-1","37.4253","126.8646","광명동굴","광명동굴","26314882","https://place.map.kakao.com/26314882","100","false","기존 수동 검증 ID 유지 · 이름 정확히 일치 · 지역 경기·광명시·가학동·341·광명 일치 · 기존 좌표에서 163m · 카테고리 동굴 일치 · 기존 장소 ID 일치","광명동굴","26314882","https://place.map.kakao.com/26314882","경기 광명시 가학동 34-1","","여행 > 관광,명소 > 동굴","광명동굴 보물탐험","1552244899","https://place.map.kakao.com/1552244899","경기 광명시 가학동 산 7","","문화,예술 > 문화시설 > 전시관","광명동굴딸기스마트팜","1790634452","https://place.map.kakao.com/1790634452","경기 광명시 가학동 27","경기 광명시 가학로85번길 142","교육,학문 > 교육단체 > 체험학습장"
"place-058","철도박물관","경기 의왕시 철도박물관로 142","37.3149","126.9511","철도박물관","철도박물관","10844769","https://place.map.kakao.com/10844769","100","false","자동 매칭 승인 · 이름 정확히 일치 · 지역 경기·의왕시·철도박물관로·142·의왕 일치 · 기존 좌표에서 92m · 카테고리 박물관 일치 · 기존 장소 ID 일치 · 2위와 24점 차이","철도박물관","10844769","https://place.map.kakao.com/10844769","경기 의왕시 월암동 374-1","경기 의왕시 철도박물관로 142","문화,예술 > 문화시설 > 박물관","철도박물관 야외전시장","23815208","https://place.map.kakao.com/23815208","경기 의왕시 월암동 374-1","경기 의왕시 철도박물관로 142","문화,예술 > 문화시설 > 전시관","철도박물관 정문","110239645","https://place.map.kakao.com/110239645","경기 의왕시 월암동 374-1","경기 의왕시 철도박물관로 142","교통,수송 > 입출구"
"place-059","왕송호수공원","경기 의왕시 왕송못동로 307","37.307","126.9491","왕송호수공원","왕송호수공원","2087376551","https://place.map.kakao.com/2087376551","100","false","자동 매칭 승인 · 이름 정확히 일치 · 지역 경기·의왕시·왕송못동로·307·의왕 일치 · 기존 좌표에서 267m · 카테고리 공원 일치 · 기존 장소 ID 일치 · 2위와 29점 차이","왕송호수공원","2087376551","https://place.map.kakao.com/2087376551","경기 의왕시 월암동 543-3","경기 의왕시 왕송못동로 307","여행 > 공원","왕송호수공원 시민정원","1101964388","https://place.map.kakao.com/1101964388","경기 의왕시 월암동 543-3","경기 의왕시 왕송못동로 307","여행 > 공원시설물","왕송호수공원 KTX쉼터","1391432441","https://place.map.kakao.com/1391432441","경기 의왕시 월암동 543-3","경기 의왕시 왕송못동로 307","여행 > 공원시설물"
"place-060","수원화성","경기 수원시 장안구 영화동 320-2","37.2876","127.0136","수원화성","수원화성","17985162","https://place.map.kakao.com/17985162","100","false","자동 매칭 승인 · 이름 정확히 일치 · 지역 경기·수원시·장안구·영화동·3202·수원 일치 · 기존 좌표에서 175m · 카테고리 문화유적 일치 · 기존 장소 ID 일치 · 2위와 24점 차이","수원화성","17985162","https://place.map.kakao.com/17985162","경기 수원시 장안구 영화동 320-2","","여행 > 관광,명소 > 문화유적 > 산성,성곽","수원화성 장안문","8062847","https://place.map.kakao.com/8062847","경기 수원시 팔달구 장안동 329","경기 수원시 팔달구 정조로 910","여행 > 관광,명소 > 문화유적 > 문","수원화성 화홍문","11387143","https://place.map.kakao.com/11387143","경기 수원시 팔달구 북수동 9000-1","","여행 > 관광,명소 > 문화유적 > 문"
"place-061","화성행궁","경기 수원시 팔달구 정조로 825","37.2819","127.0142","화성행궁","화성행궁","8175657","https://place.map.kakao.com/8175657","100","false","자동 매칭 승인 · 이름 정확히 일치 · 지역 경기·수원시·팔달구·정조로·825·수원 일치 · 기존 좌표에서 14m · 카테고리 문화유적 일치 · 기존 장소 ID 일치 · 2위와 35점 차이","화성행궁","8175657","https://place.map.kakao.com/8175657","경기 수원시 팔달구 남창동 6-2","경기 수원시 팔달구 정조로 825","여행 > 관광,명소 > 문화유적 > 고궁,궁","화성행궁 매표소","1761093347","https://place.map.kakao.com/1761093347","경기 수원시 팔달구 남창동 6-2","경기 수원시 팔달구 정조로 825","서비스,산업 > 관리,운영 > 매표소","화성행궁광장 관광안내소","11204832","https://place.map.kakao.com/11204832","경기 수원시 팔달구 남창동 6-2","경기 수원시 팔달구 정조로 825","여행 > 관광,명소 > 관광안내소"
"place-062","수원광교박물관","경기 수원시 영통구 광교로 182","37.2965","127.0517","수원광교박물관","수원광교박물관","17083416","https://place.map.kakao.com/17083416","100","false","자동 매칭 승인 · 이름 정확히 일치 · 지역 경기·수원시·영통구·광교로·182·수원 일치 · 기존 좌표에서 29m · 카테고리 박물관 일치 · 기존 장소 ID 일치 · 2위와 38점 차이","수원광교박물관","17083416","https://place.map.kakao.com/17083416","경기 수원시 영통구 이의동 403-2","경기 수원시 영통구 광교로 182","문화,예술 > 문화시설 > 박물관","수원광교박물관 주차장","23352332","https://place.map.kakao.com/23352332","경기 수원시 영통구 이의동 433","","교통,수송 > 교통시설 > 주차장","시화연풍","419468702","https://place.map.kakao.com/419468702","경기 수원시 영통구 이의동 403-2","경기 수원시 영통구 광교로 182","음식점 > 카페"
"place-063","경기도박물관","경기 용인시 기흥구 상갈로 6","37.2686","127.1088","경기도박물관","경기도박물관","21800626","https://place.map.kakao.com/21800626","100","false","자동 매칭 승인 · 이름 정확히 일치 · 지역 경기·용인시·기흥구·상갈로·용인 일치 · 기존 좌표에서 47m · 카테고리 박물관 일치 · 기존 장소 ID 일치 · 2위와 35점 차이","경기도박물관","21800626","https://place.map.kakao.com/21800626","경기 용인시 기흥구 상갈동 496","경기 용인시 기흥구 상갈로 6","문화,예술 > 문화시설 > 박물관","경기도박물관 주차장","20513025","https://place.map.kakao.com/20513025","경기 용인시 기흥구 상갈동 496","경기 용인시 기흥구 상갈로 6","교통,수송 > 교통시설 > 주차장","경기도박물관 주차장2","17570778","https://place.map.kakao.com/17570778","경기 용인시 기흥구 상갈동 496","경기 용인시 기흥구 상갈로 6","교통,수송 > 교통시설 > 주차장"
"place-064","한국만화박물관","경기 부천시 원미구 길주로 1","37.508","126.742","한국만화박물관","한국만화박물관","11356267","https://place.map.kakao.com/11356267","100","false","자동 매칭 승인 · 이름 정확히 일치 · 지역 경기·부천시·원미구·길주로·부천 일치 · 기존 좌표에서 71m · 카테고리 박물관 일치 · 기존 장소 ID 일치 · 2위와 43점 차이","한국만화박물관","11356267","https://place.map.kakao.com/11356267","경기 부천시 원미구 상동 529-2","경기 부천시 원미구 길주로 1","문화,예술 > 문화시설 > 박물관","한국만화박물관(부천) 전기차충전소","147130010","https://place.map.kakao.com/147130010","경기 부천시 원미구 상동 529-2","경기 부천시 원미구 길주로 1","교통,수송 > 자동차 > 전기차 충전소","부천국제만화축제","25599183","https://place.map.kakao.com/25599183","경기 부천시 원미구 상동 529-2","경기 부천시 원미구 길주로 1","이슈 > 이벤트 > 페스티벌"
"place-065","부천로보파크","경기 부천시 원미구 평천로 655","37.5182","126.7631","부천로보파크","부천로보파크","10462987","https://place.map.kakao.com/10462987","100","false","자동 매칭 승인 · 이름 정확히 일치 · 지역 경기·부천시·원미구·평천로·655·부천 일치 · 기존 좌표에서 153m · 카테고리 전시관 일치 · 기존 장소 ID 일치 · 2위와 69점 차이","부천로보파크","10462987","https://place.map.kakao.com/10462987","경기 부천시 원미구 약대동 193","경기 부천시 원미구 평천로 655","문화,예술 > 문화시설 > 전시관","로보파크 전기차충전소","1756895617","https://place.map.kakao.com/1756895617","경기 부천시 원미구 약대동 193","경기 부천시 원미구 평천로 655","교통,수송 > 자동차 > 전기차 충전소","","","","","",""
"place-066","웅진플레이도시","경기 부천시 원미구 조마루로 2","37.4991","126.7441","웅진플레이도시","웅진플레이도시","17183821","https://place.map.kakao.com/17183821","100","false","자동 매칭 승인 · 이름 정확히 일치 · 지역 경기·부천시·원미구·조마루로·부천 일치 · 기존 좌표에서 93m · 카테고리 테마파크 일치 · 기존 장소 ID 일치 · 2위와 24점 차이","웅진플레이도시","17183821","https://place.map.kakao.com/17183821","경기 부천시 원미구 상동 572-1","경기 부천시 원미구 조마루로 2","여행 > 관광,명소 > 테마파크 > 워터테마파크","웅진플레이도시 워터파크&온천스파","611505585","https://place.map.kakao.com/611505585","경기 부천시 원미구 상동 572-1","경기 부천시 원미구 조마루로 2","여행 > 관광,명소 > 테마파크 > 워터테마파크","웅진플레이도시 4주차장","1727226164","https://place.map.kakao.com/1727226164","경기 부천시 원미구 상동 572-1","경기 부천시 원미구 조마루로 2","교통,수송 > 교통시설 > 주차장"
"place-067","고양어린이박물관","경기 고양시 덕양구 화중로 26","37.6285","126.8306","고양어린이박물관","고양어린이박물관","27408630","https://place.map.kakao.com/27408630","100","false","자동 매칭 승인 · 이름 정확히 일치 · 지역 경기·고양시·덕양구·화중로·26·고양 일치 · 기존 좌표에서 112m · 카테고리 박물관 일치 · 기존 장소 ID 일치 · 2위와 38점 차이","고양어린이박물관","27408630","https://place.map.kakao.com/27408630","경기 고양시 덕양구 화정동 1003","경기 고양시 덕양구 화중로 26","문화,예술 > 문화시설 > 박물관","고양어린이박물관 전기차충전소","1280123107","https://place.map.kakao.com/1280123107","경기 고양시 덕양구 화정동 1003","경기 고양시 덕양구 화중로 26","교통,수송 > 자동차 > 전기차 충전소","고양어린이박물관 주차장","1257891735","https://place.map.kakao.com/1257891735","경기 고양시 덕양구 화정동 1003","","교통,수송 > 교통시설 > 주차장"
"place-068","아쿠아플라넷 일산","경기 고양시 일산서구 한류월드로 282","37.6633","126.7555","아쿠아플라넷 일산","아쿠아플라넷 일산","23738256","https://place.map.kakao.com/23738256","100","false","자동 매칭 승인 · 이름 정확히 일치 · 지역 경기·고양시·일산서구·한류월드로·282·고양 일치 · 기존 좌표에서 54m · 카테고리 아쿠아리움 일치 · 기존 장소 ID 일치 · 2위와 35점 차이","아쿠아플라넷 일산","23738256","https://place.map.kakao.com/23738256","경기 고양시 일산서구 대화동 2606-1","경기 고양시 일산서구 한류월드로 282","문화,예술 > 문화시설 > 아쿠아리움","아쿠아플라넷일산 주차장","27609267","https://place.map.kakao.com/27609267","경기 고양시 일산서구 대화동 2606-1","","교통,수송 > 교통시설 > 주차장","아쿠아플라넷일산 주차장3","1937763059","https://place.map.kakao.com/1937763059","경기 고양시 일산서구 대화동 2606-1","경기 고양시 일산서구 한류월드로 282","교통,수송 > 교통시설 > 주차장"
"place-069","현대 모터스튜디오 고양","경기 고양시 일산서구 킨텍스로 217-6","37.6628","126.7532","현대 모터스튜디오 고양","현대 모터스튜디오 고양","1338515380","https://place.map.kakao.com/1338515380","100","false","기존 수동 검증 ID 유지 · 이름 정확히 일치 · 지역 경기·고양시·일산서구·킨텍스로·2176·고양 일치 · 기존 좌표에서 634m · 카테고리 전시관 일치 · 기존 장소 ID 일치","현대 모터스튜디오 고양","1338515380","https://place.map.kakao.com/1338515380","경기 고양시 일산서구 대화동 2601","경기 고양시 일산서구 킨텍스로 217-6","문화,예술 > 문화시설 > 전시관","현대모터스튜디오 고양카페","357278643","https://place.map.kakao.com/357278643","경기 고양시 일산서구 대화동 2601","경기 고양시 일산서구 킨텍스로 217-6","음식점 > 카페","현대모터스튜디오 고양 전기차충전소","107879249","https://place.map.kakao.com/107879249","경기 고양시 일산서구 대화동 2601","경기 고양시 일산서구 킨텍스로 217-6","교통,수송 > 자동차 > 전기차 충전소"
"place-070","일산호수공원","경기 고양시 일산동구 호수로 595","37.6605","126.7624","일산호수공원","일산호수공원","26298671","https://place.map.kakao.com/26298671","100","false","자동 매칭 승인 · 이름 정확히 일치 · 지역 경기·고양시·일산동구·호수로·595·고양 일치 · 기존 좌표에서 508m · 카테고리 공원 일치 · 기존 장소 ID 일치 · 2위와 29점 차이","일산호수공원","26298671","https://place.map.kakao.com/26298671","경기 고양시 일산동구 장항동 906","경기 고양시 일산동구 호수로 595","여행 > 공원 > 도시근린공원","일산호수공원 한울광장","17560090","https://place.map.kakao.com/17560090","경기 고양시 일산동구 장항동 906","경기 고양시 일산동구 호수로 595","여행 > 공원시설물","일산호수공원 메타세쿼이아길","1087984035","https://place.map.kakao.com/1087984035","경기 고양시 일산동구 장항동 906","경기 고양시 일산동구 호수로 595","여행 > 공원"
"place-071","파주출판도시","경기 파주시 회동길 145","37.708","126.6877","파주출판도시","파주출판도시","8120867","https://place.map.kakao.com/8120867","100","false","자동 매칭 승인 · 이름 정확히 일치 · 지역 경기·파주시·회동길·145·파주 일치 · 기존 좌표에서 152m · 기존 장소 ID 일치 · 2위와 49점 차이","파주출판도시","8120867","https://place.map.kakao.com/8120867","경기 파주시 문발동 524-3","경기 파주시 회동길 145","부동산 > 부지","파주출판도시 자유로휴게소 주유소","13337628","https://place.map.kakao.com/13337628","경기 파주시 문발동 495-137","경기 파주시 자유로 2212","교통,수송 > 자동차 > 주유,가스 > 주유소 > S-OIL","파주출판도시 자유로휴게소","420473965","https://place.map.kakao.com/420473965","경기 파주시 문발동 495-122","경기 파주시 자유로 2210","교통,수송 > 휴게소"
"place-072","헤이리예술마을","경기 파주시 탄현면 헤이리마을길 70-21","37.788","126.6997","헤이리예술마을","헤이리예술마을","8616522","https://place.map.kakao.com/8616522","100","false","자동 매칭 승인 · 이름 정확히 일치 · 지역 경기·파주시·탄현면·헤이리마을길·7021·파주 일치 · 기존 좌표에서 35m · 기존 장소 ID 일치 · 2위와 38점 차이","헤이리예술마을","8616522","https://place.map.kakao.com/8616522","경기 파주시 탄현면 법흥리 1652-239","경기 파주시 탄현면 헤이리마을길 70-21","여행 > 관광,명소 > 관광단지","헤이리예술마을 주차장10","1755925201","https://place.map.kakao.com/1755925201","경기 파주시 탄현면 법흥리 1652-495","","교통,수송 > 교통시설 > 주차장","헤이리예술마을 주차장9","1005076254","https://place.map.kakao.com/1005076254","경기 파주시 탄현면 법흥리 1652-221","","교통,수송 > 교통시설 > 주차장"
"place-073","마장호수 출렁다리","경기 파주시 광탄면 기산리 481-1","37.774","126.9243","마장호수 출렁다리","마장호수출렁다리","2028327937","https://place.map.kakao.com/2028327937","100","false","자동 매칭 승인 · 이름 정확히 일치 · 지역 경기·파주시·광탄면·기산리·4811·파주 일치 · 기존 좌표에서 392m · 기존 장소 ID 일치 · 2위와 74점 차이","마장호수출렁다리","2028327937","https://place.map.kakao.com/2028327937","경기 파주시 광탄면 기산리 481-1","","교통,수송 > 도로시설 > 육교","출렁다리쌈밥 마장호수본점","60206549","https://place.map.kakao.com/60206549","경기 파주시 광탄면 기산리 527-1","경기 파주시 광탄면 기산로186번길 8","음식점 > 한식 > 쌈밥","출렁다리바베큐","1906455172","https://place.map.kakao.com/1906455172","경기 양주시 백석읍 기산리 384","경기 양주시 백석읍 기산로 414-13","음식점 > 한식 > 육류,고기"
"place-074","국립수목원","경기 포천시 소흘읍 광릉수목원로 415","37.7548","127.1663","국립수목원","국립수목원","7915027","https://place.map.kakao.com/7915027","100","false","자동 매칭 승인 · 이름 정확히 일치 · 지역 경기·포천시·소흘읍·광릉수목원로·415·포천 일치 · 기존 좌표에서 378m · 카테고리 수목원 일치 · 기존 장소 ID 일치 · 2위와 21점 차이","국립수목원","7915027","https://place.map.kakao.com/7915027","경기 포천시 소흘읍 직동리 산 50-18","경기 포천시 소흘읍 광릉수목원로 415","여행 > 관광,명소 > 수목원,식물원","국립수목원 관상식물원","17579749","https://place.map.kakao.com/17579749","경기 포천시 소흘읍 직동리 51-2","경기 포천시 소흘읍 광릉수목원로 415","여행 > 관광,명소 > 수목원,식물원","국립수목원 덩굴식물원","17582131","https://place.map.kakao.com/17582131","경기 포천시 소흘읍 직동리 산 50-18","경기 포천시 소흘읍 광릉수목원로 415","여행 > 관광,명소 > 수목원,식물원"
"place-075","포천아트밸리","경기 포천시 신북면 아트밸리로 234","37.9236","127.2367","포천아트밸리","포천아트밸리","11520510","https://place.map.kakao.com/11520510","100","false","자동 매칭 승인 · 이름 정확히 일치 · 지역 경기·포천시·신북면·아트밸리로·234·포천 일치 · 기존 좌표에서 67m · 기존 장소 ID 일치 · 2위와 29점 차이","포천아트밸리","11520510","https://place.map.kakao.com/11520510","경기 포천시 신북면 기지리 282","경기 포천시 신북면 아트밸리로 234","여행 > 관광,명소 > 테마파크","포천아트밸리 천문과학관","25493548","https://place.map.kakao.com/25493548","경기 포천시 신북면 기지리 282","경기 포천시 신북면 아트밸리로 234","문화,예술 > 문화시설 > 과학관","포천아트밸리 주차장","17573330","https://place.map.kakao.com/17573330","경기 포천시 신북면 기지리 282","경기 포천시 신북면 아트밸리로 234","교통,수송 > 교통시설 > 주차장"
"place-076","포천 허브아일랜드","경기 포천시 신북면 청신로947번길 35","37.9653","127.1319","허브아일랜드","허브아일랜드","17282868","https://place.map.kakao.com/17282868","100","false","기존 수동 검증 ID 유지 · 이름 정확히 일치 · 지역 경기·포천시·신북면·청신로947번길·35·포천 일치 · 기존 좌표에서 22m · 기존 장소 ID 일치","허브아일랜드","17282868","https://place.map.kakao.com/17282868","경기 포천시 신북면 삼정리 386","경기 포천시 신북면 청신로947번길 35","여행 > 관광,명소 > 관광농원","허브아일랜드 허브카페","17576332","https://place.map.kakao.com/17576332","경기 포천시 신북면 삼정리 517-2","경기 포천시 신북면 청신로947번길 35","음식점 > 카페","허브아일랜드국밥집","1713970859","https://place.map.kakao.com/1713970859","경기 포천시 신북면 삼정리 386","경기 포천시 신북면 청신로947번길 35","음식점 > 한식 > 국밥"
"place-077","아침고요수목원","경기 가평군 상면 수목원로 427","37.743","127.3526","아침고요수목원","아침고요수목원","25855305","https://place.map.kakao.com/25855305","100","false","자동 매칭 승인 · 이름 정확히 일치 · 지역 경기·가평군·상면·수목원로·427·가평 일치 · 기존 좌표에서 82m · 카테고리 수목원 일치 · 기존 장소 ID 일치 · 2위와 24점 차이","아침고요수목원","25855305","https://place.map.kakao.com/25855305","경기 가평군 상면 행현리 622-4","경기 가평군 상면 수목원로 427","여행 > 관광,명소 > 수목원,식물원","아침고요수목원 하늘정원","17556198","https://place.map.kakao.com/17556198","경기 가평군 상면 행현리 622-4","경기 가평군 상면 수목원로 427","여행 > 관광,명소 > 수목원,식물원","아침고요수목원 수국전시회","1715949609","https://place.map.kakao.com/1715949609","경기 가평군 상면 행현리 622-4","경기 가평군 상면 수목원로 427","문화,예술 > 전시회,박람회"
"place-078","쁘띠프랑스","경기 가평군 청평면 호반로 1063","37.715","127.4905","쁘띠프랑스","쁘띠프랑스","7920064","https://place.map.kakao.com/7920064","100","false","자동 매칭 승인 · 이름 정확히 일치 · 지역 경기·가평군·청평면·호반로·1063·가평 일치 · 기존 좌표에서 3m · 기존 장소 ID 일치 · 2위와 35점 차이","쁘띠프랑스","7920064","https://place.map.kakao.com/7920064","경기 가평군 청평면 고성리 616-2","경기 가평군 청평면 호반로 1063","여행 > 관광,명소","쁘띠프랑스 오르골하우스","17578101","https://place.map.kakao.com/17578101","경기 가평군 청평면 고성리 616-2","경기 가평군 청평면 호반로 1063","여행 > 관광,명소","쁘띠프랑스 리조트","1032505156","https://place.map.kakao.com/1032505156","경기 가평군 청평면 고성리 616-2","경기 가평군 청평면 호반로 1063","교육,학문 > 교육단체 > 청소년수련시설"
"place-079","세미원","경기 양평군 양서면 양수로 93","37.5384","127.3231","세미원","세미원","7949686","https://place.map.kakao.com/7949686","100","false","자동 매칭 승인 · 이름 정확히 일치 · 지역 경기·양평군·양서면·양수로·93·양평 일치 · 기존 좌표에서 291m · 기존 장소 ID 일치 · 2위와 38점 차이","세미원","7949686","https://place.map.kakao.com/7949686","경기 양평군 양서면 용담리 428-8","경기 양평군 양서면 양수로 93","여행 > 관광,명소 > 수목원,식물원","세미원 화장실","1341680614","https://place.map.kakao.com/1341680614","경기 양평군 양서면 용담리 430-8","","가정,생활 > 화장실","세미원연꽃문화제","1056638418","https://place.map.kakao.com/1056638418","경기 양평군 양서면 용담리 428-8","경기 양평군 양서면 양수로 93","이슈 > 이벤트 > 페스티벌"
"place-080","이천세라피아","경기 이천시 경충대로2697번길 263","37.2776","127.4266","이천세계도자센터 세라피아","이천세계도자센터 세라피아","27547284","https://place.map.kakao.com/27547284","100","false","기존 수동 검증 ID 유지 · 이름 정확히 일치 · 지역 경기·이천시·경충대로2697번길·263·이천 일치 · 기존 좌표에서 306m · 기존 장소 ID 일치","이천세계도자센터 세라피아","27547284","https://place.map.kakao.com/27547284","경기 이천시 관고동 435-1","경기 이천시 경충대로2697번길 263","여행 > 관광,명소 > 도자기,도예촌","","","","","","","","","","","",""
"place-081","경기도자박물관","경기 광주시 곤지암읍 경충대로 727","37.3517","127.3279","경기도자박물관","경기도자박물관","17807469","https://place.map.kakao.com/17807469","100","false","자동 매칭 승인 · 이름 정확히 일치 · 지역 경기·광주시·곤지암읍·경충대로·727·광주 일치 · 기존 좌표에서 132m · 카테고리 박물관 일치 · 기존 장소 ID 일치 · 2위와 35점 차이","경기도자박물관","17807469","https://place.map.kakao.com/17807469","경기 광주시 곤지암읍 삼리 72-1","경기 광주시 곤지암읍 경충대로 727","문화,예술 > 문화시설 > 박물관","경기도자박물관 클레이플레이 교육센터","1230340388","https://place.map.kakao.com/1230340388","경기 광주시 곤지암읍 삼리 72-1","경기 광주시 곤지암읍 경충대로 727","교육,학문 > 교육단체 > 체험학습장","","","","","",""
"place-082","화담숲","경기 광주시 도척면 도웅리 산 33","37.3402","127.2904","화담숲","화담숲","15582723","https://place.map.kakao.com/15582723","100","false","자동 매칭 승인 · 이름 정확히 일치 · 지역 경기·광주시·도척면·도웅리·33·광주 일치 · 기존 좌표에서 169m · 카테고리 수목원 일치 · 기존 장소 ID 일치 · 2위와 24점 차이","화담숲","15582723","https://place.map.kakao.com/15582723","경기 광주시 도척면 도웅리 산 33","","여행 > 관광,명소 > 수목원,식물원","화담숲 자수화단","1372085464","https://place.map.kakao.com/1372085464","경기 광주시 도척면 도웅리 산 33","","여행 > 공원시설물","화담숲 자생식물원","19291018","https://place.map.kakao.com/19291018","경기 광주시 도척면 도웅리 산 35-1","","여행 > 관광,명소 > 수목원,식물원"
"place-083","안양예술공원","경기 안양시 만안구 예술공원로 131","37.419","126.9192","안양예술공원","안양예술공원","10582302","https://place.map.kakao.com/10582302","100","false","자동 매칭 승인 · 이름 정확히 일치 · 지역 경기·안양시·만안구·예술공원로·131·안양 일치 · 기존 좌표에서 51m · 카테고리 공원 일치 · 기존 장소 ID 일치 · 2위와 35점 차이","안양예술공원","10582302","https://place.map.kakao.com/10582302","경기 안양시 만안구 석수동 240-18","경기 안양시 만안구 예술공원로 131","여행 > 공원","안양예술공원 공영주차장","20518958","https://place.map.kakao.com/20518958","경기 안양시 만안구 석수동 240-18","","교통,수송 > 교통시설 > 주차장 > 공영주차장","안양예술공원 음식문화거리","12273389","https://place.map.kakao.com/12273389","경기 안양시 만안구 안양동 1320","","여행 > 관광,명소 > 테마거리"
"place-084","경기도미술관","경기 안산시 단원구 동산로 268","37.3258","126.8108","경기도미술관","경기도미술관","26472936","https://place.map.kakao.com/26472936","100","false","자동 매칭 승인 · 이름 정확히 일치 · 지역 경기·안산시·단원구·동산로·268·안산 일치 · 기존 좌표에서 280m · 카테고리 미술관 일치 · 기존 장소 ID 일치 · 2위와 38점 차이","경기도미술관","26472936","https://place.map.kakao.com/26472936","경기 안산시 단원구 초지동 667","경기 안산시 단원구 동산로 268","문화,예술 > 문화시설 > 미술관","커피언스 경기도미술관점","2030308017","https://place.map.kakao.com/2030308017","경기 안산시 단원구 초지동 667","경기 안산시 단원구 동산로 268","음식점 > 카페 > 커피전문점","안산문화예술의전당 화랑미술관","17574757","https://place.map.kakao.com/17574757","경기 안산시 단원구 고잔동 817","경기 안산시 단원구 화랑로 312","문화,예술 > 문화시설 > 미술관"
"place-085","안산어촌민속박물관","경기 안산시 단원구 대부황금로 7","37.1927","126.6472","안산어촌민속박물관","안산어촌민속박물관","19174891","https://place.map.kakao.com/19174891","100","false","자동 매칭 승인 · 이름 정확히 일치 · 지역 경기·안산시·단원구·대부황금로·안산 일치 · 기존 좌표에서 100m · 카테고리 박물관 일치 · 기존 장소 ID 일치 · 2위와 35점 차이","안산어촌민속박물관","19174891","https://place.map.kakao.com/19174891","경기 안산시 단원구 선감동 717","경기 안산시 단원구 대부황금로 7","문화,예술 > 문화시설 > 박물관","안산어촌민속박물관 제3주차장","17570773","https://place.map.kakao.com/17570773","경기 안산시 단원구 선감동 산 160","경기 안산시 단원구 대부황금로 7","교통,수송 > 교통시설 > 주차장","안산어촌민속박물관 제2주차장","17577667","https://place.map.kakao.com/17577667","경기 안산시 단원구 선감동 717-3","","교통,수송 > 교통시설 > 주차장"
"place-086","화성 공룡알 화석산지","경기 화성시 만세구 송산면 공룡로 659","37.2643","126.7458","공룡알화석산지 방문자센터","공룡알화석산지 방문자센터","17382344","https://place.map.kakao.com/17382344","100","false","기존 수동 검증 ID 유지 · 이름 정확히 일치 · 지역 경기·화성시·만세구·송산면·공룡로·659·화성 일치 · 기존 좌표에서 243m · 카테고리 문화시설 일치 · 기존 장소 ID 일치","공룡알화석산지 방문자센터","17382344","https://place.map.kakao.com/17382344","경기 화성시 만세구 송산면 고정리","경기 화성시 만세구 송산면 공룡로 659","문화,예술 > 문화시설 > 과학관","공룡알화석산지 방문자센터 주차장","1793737886","https://place.map.kakao.com/1793737886","경기 화성시 만세구 송산면 고정리 산 6","경기 화성시 만세구 송산면 공룡로 659","교통,수송 > 교통시설 > 주차장","","","","","",""
"place-087","오산미니어처빌리지","경기 오산시 북삼미로 12","37.1597","127.077","오산미니어처빌리지","오산미니어처빌리지","1669494896","https://place.map.kakao.com/1669494896","100","false","기존 수동 검증 ID 유지 · 이름 정확히 일치 · 지역 경기·오산시·북삼미로·12·오산 일치 · 기존 좌표에서 2337m · 기존 장소 ID 일치","오산미니어처빌리지","1669494896","https://place.map.kakao.com/1669494896","경기 오산시 내삼미동 250-5","경기 오산시 북삼미로 12","문화,예술 > 문화시설 > 전시관","오산미니어처빌리지 미니빌 신나는 놀이터","281120731","https://place.map.kakao.com/281120731","경기 오산시 내삼미동 907","경기 오산시 북삼미로 12","가정,생활 > 유아 > 놀이시설","오산 미니어처빌리지 주차장 전기차충전소","1313706573","https://place.map.kakao.com/1313706573","경기 오산시 내삼미동 908","경기 오산시 북삼미로 22","교통,수송 > 자동차 > 전기차 충전소"
"place-088","시흥갯골생태공원","경기 시흥시 동서로 287","37.3904","126.7803","시흥갯골생태공원","시흥갯골생태공원","7971967","https://place.map.kakao.com/7971967","100","false","자동 매칭 승인 · 이름 정확히 일치 · 지역 경기·시흥시·동서로·287·시흥 일치 · 기존 좌표에서 68m · 카테고리 공원 일치 · 기존 장소 ID 일치 · 2위와 21점 차이","시흥갯골생태공원","7971967","https://place.map.kakao.com/7971967","경기 시흥시 장곡동 724-32","경기 시흥시 동서로 287","여행 > 공원 > 도시근린공원","시흥갯골생태공원 매점","1579673497","https://place.map.kakao.com/1579673497","경기 시흥시 장곡동 724-32","경기 시흥시 동서로 287","여행 > 공원시설물","시흥갯골생태공원 야외무대","1536133309","https://place.map.kakao.com/1536133309","경기 시흥시 장곡동 724-32","경기 시흥시 동서로 287","문화,예술 > 문화시설 > 공연장,연극극장"
"place-089","미사경정공원","경기 하남시 미사대로 505","37.5527","127.2115","미사경정공원","미사경정공원","26369650","https://place.map.kakao.com/26369650","100","false","자동 매칭 승인 · 이름 정확히 일치 · 지역 경기·하남시·미사대로·505·하남 일치 · 기존 좌표에서 834m · 카테고리 공원 일치 · 기존 장소 ID 일치 · 2위와 38점 차이","미사경정공원","26369650","https://place.map.kakao.com/26369650","경기 하남시 덕풍동 15","경기 하남시 미사대로 505","여행 > 공원","미사경정공원 남문","2016387226","https://place.map.kakao.com/2016387226","경기 하남시 신장동 281-1","","교통,수송 > 입출구","미사경정공원 쉼터매점","1721807671","https://place.map.kakao.com/1721807671","경기 하남시 덕풍동 15","경기 하남시 미사대로 505","교통,수송 > 휴게소"
"place-090","농협 안성팜랜드","경기 안성시 공도읍 대신두길 28","36.9918","127.189","농협 안성팜랜드","농협안성팜랜드","17202018","https://place.map.kakao.com/17202018","100","false","자동 매칭 승인 · 이름 정확히 일치 · 지역 경기·안성시·공도읍·대신두길·28·안성 일치 · 기존 좌표에서 405m · 카테고리 테마파크 일치 · 기존 장소 ID 일치 · 2위와 29점 차이","농협안성팜랜드","17202018","https://place.map.kakao.com/17202018","경기 안성시 공도읍 신두리 451","경기 안성시 공도읍 대신두길 28","여행 > 관광,명소 > 테마파크","농협안성팜랜드 놀이기구","751257773","https://place.map.kakao.com/751257773","경기 안성시 공도읍 신두리 451","경기 안성시 공도읍 대신두길 28","여행 > 관광,명소 > 테마파크 > 테마파크시설","농협안성팜랜드 팜피크닉","735068556","https://place.map.kakao.com/735068556","경기 안성시 공도읍 신두리 451","경기 안성시 공도읍 대신두길 28","여행 > 관광,명소 > 테마파크 > 테마파크시설"
"place-091","인천어린이박물관","인천 미추홀구 매소홀로 618","37.4373","126.6869","인천어린이박물관","인천어린이박물관","11167305","https://place.map.kakao.com/11167305","100","false","자동 매칭 승인 · 이름 정확히 일치 · 지역 인천·미추홀구·매소홀로·618·미추홀 일치 · 기존 좌표에서 388m · 카테고리 박물관 일치 · 기존 장소 ID 일치 · 2위와 100점 차이","인천어린이박물관","11167305","https://place.map.kakao.com/11167305","인천 미추홀구 문학동 482","인천 미추홀구 매소홀로 618","문화,예술 > 문화시설 > 박물관","","","","","","","","","","","",""
"place-092","국립세계문자박물관","인천 연수구 센트럴로 217","37.3938","126.6355","국립세계문자박물관","국립세계문자박물관","27019618","https://place.map.kakao.com/27019618","100","false","자동 매칭 승인 · 이름 정확히 일치 · 지역 인천·연수구·센트럴로·217·연수 일치 · 기존 좌표에서 234m · 카테고리 박물관 일치 · 기존 장소 ID 일치 · 2위와 38점 차이","국립세계문자박물관","27019618","https://place.map.kakao.com/27019618","인천 연수구 송도동 24-8","인천 연수구 센트럴로 217","문화,예술 > 문화시설 > 박물관","인천연수국립세계문자박물관 전기차충전소","1780159488","https://place.map.kakao.com/1780159488","인천 연수구 송도동 24-8","인천 연수구 센트럴로 217","교통,수송 > 자동차 > 전기차 충전소","국립세계문자박물관 씽크빅문자연구소","672100528","https://place.map.kakao.com/672100528","인천 연수구 송도동 24-8","인천 연수구 센트럴로 217","교육,학문 > 교육단체 > 체험학습장"
"place-093","인천시립박물관","인천 연수구 청량로160번길 26","37.4191","126.6531","인천광역시립박물관","인천광역시립박물관","8052890","https://place.map.kakao.com/8052890","100","false","기존 수동 검증 ID 유지 · 이름 정확히 일치 · 지역 인천·연수구·청량로160번길·26·연수 일치 · 기존 좌표에서 184m · 카테고리 박물관 일치 · 기존 장소 ID 일치","인천광역시립박물관","8052890","https://place.map.kakao.com/8052890","인천 연수구 옥련동 525","인천 연수구 청량로160번길 26","문화,예술 > 문화시설 > 박물관","인천광역시립박물관 야외주차장","208880179","https://place.map.kakao.com/208880179","인천 연수구 옥련동 525","인천 연수구 청량로160번길 26","교통,수송 > 교통시설 > 주차장","인천광역시립박물관 직원주차장","17570705","https://place.map.kakao.com/17570705","인천 연수구 옥련동 525","인천 연수구 청량로160번길 26","교통,수송 > 교통시설 > 주차장"
"place-094","송도센트럴파크","인천 연수구 송도동 24-5","37.3927","126.6373","송도센트럴파크","송도센트럴파크","13577707","https://place.map.kakao.com/13577707","100","false","자동 매칭 승인 · 이름 정확히 일치 · 지역 인천·연수구·송도동·245·연수 일치 · 기존 좌표에서 124m · 카테고리 공원 일치 · 기존 장소 ID 일치 · 2위와 29점 차이","송도센트럴파크","13577707","https://place.map.kakao.com/13577707","인천 연수구 송도동 24-5","","여행 > 공원 > 도시근린공원","송도센트럴파크 산책정원","18059866","https://place.map.kakao.com/18059866","인천 연수구 송도동 24-5","인천 연수구 센트럴로 229","여행 > 공원 > 도시근린공원","송도센트럴파크호텔","24613391","https://place.map.kakao.com/24613391","인천 연수구 송도동 38","인천 연수구 테크노파크로 193","여행 > 숙박 > 호텔"
"place-095","인천대공원","인천 남동구 무네미로 238","37.4569","126.7528","인천대공원","인천대공원","11320114","https://place.map.kakao.com/11320114","100","false","자동 매칭 승인 · 이름 정확히 일치 · 지역 인천·남동구·무네미로·238·남동 일치 · 기존 좌표에서 691m · 기존 장소 ID 일치 · 2위와 35점 차이","인천대공원","11320114","https://place.map.kakao.com/11320114","인천 남동구 장수동 산 78","인천 남동구 무네미로 238","여행 > 관광,명소 > 테마파크","인천대공원 동문","24662519","https://place.map.kakao.com/24662519","인천 남동구 장수동 77-1","","여행 > 공원시설물","인천대공원 제1주차장","18071361","https://place.map.kakao.com/18071361","인천 남동구 장수동 산 78","인천 남동구 무네미로 238","교통,수송 > 교통시설 > 주차장"
"place-096","월미공원","인천 제물포구 북성동1가 산 125","37.4753","126.6034","월미공원","월미공원","24877789","https://place.map.kakao.com/24877789","100","false","자동 매칭 승인 · 이름 정확히 일치 · 지역 인천·제물포구·북성동1가·125 일치 · 기존 좌표에서 203m · 카테고리 공원 일치 · 기존 장소 ID 일치 · 2위와 35점 차이","월미공원","24877789","https://place.map.kakao.com/24877789","인천 제물포구 북성동1가 산 125","","여행 > 공원 > 도시근린공원","월미공원 만남의광장","579101422","https://place.map.kakao.com/579101422","인천 제물포구 북성동1가 93","","여행 > 관광,명소 > 광장","월미공원 화장실","1540286443","https://place.map.kakao.com/1540286443","인천 제물포구 북성동1가 97-3","인천 제물포구 월미로 131-50","가정,생활 > 화장실"
"place-097","인천개항박물관","인천 제물포구 신포로23번길 89","37.4737","126.6213","인천개항박물관","인천개항박물관","12960848","https://place.map.kakao.com/12960848","100","false","자동 매칭 승인 · 이름 정확히 일치 · 지역 인천·제물포구·신포로23번길·89 일치 · 기존 좌표에서 78m · 카테고리 박물관 일치 · 기존 장소 ID 일치 · 2위와 21점 차이","인천개항박물관","12960848","https://place.map.kakao.com/12960848","인천 제물포구 중앙동1가 9-2","인천 제물포구 신포로23번길 89","문화,예술 > 문화시설 > 박물관","인천개항박물관 기획전시실","2061551017","https://place.map.kakao.com/2061551017","인천 제물포구 중앙동1가 9-2","인천 제물포구 신포로23번길 89","문화,예술 > 문화시설 > 전시관","인천개항박물관 구,인천일본제1은행지점","27004418","https://place.map.kakao.com/27004418","인천 제물포구 중앙동1가 9-2","인천 제물포구 신포로23번길 89","여행 > 관광,명소 > 문화유적"
"place-098","짜장면박물관","인천 제물포구 차이나타운로 56-14","37.475","126.6183","짜장면박물관","짜장면박물관","19529404","https://place.map.kakao.com/19529404","100","false","자동 매칭 승인 · 이름 정확히 일치 · 지역 인천·제물포구·차이나타운로·5614 일치 · 기존 좌표에서 20m · 카테고리 박물관 일치 · 기존 장소 ID 일치 · 2위와 100점 차이","짜장면박물관","19529404","https://place.map.kakao.com/19529404","인천 제물포구 선린동 38-1","인천 제물포구 차이나타운로 56-14","문화,예술 > 문화시설 > 박물관","","","","","","","","","","","",""
"place-099","국립생물자원관","인천 서해구 환경로 42","37.5683","126.6401","국립생물자원관","국립생물자원관","10145688","https://place.map.kakao.com/10145688","100","false","자동 매칭 승인 · 이름 정확히 일치 · 지역 인천·서해구·환경로·42 일치 · 기존 좌표에서 318m · 카테고리 전시관 일치 · 기존 장소 ID 일치 · 2위와 24점 차이","국립생물자원관","10145688","https://place.map.kakao.com/10145688","인천 서해구 경서동","인천 서해구 환경로 42","문화,예술 > 문화시설 > 전시관","국립생물자원관 생생채움","17575517","https://place.map.kakao.com/17575517","인천 서해구 경서동","인천 서해구 환경로 42","문화,예술 > 문화시설 > 전시관","국립생물자원관 달빛마당","17573233","https://place.map.kakao.com/17573233","인천 서해구 경서동","인천 서해구 환경로 42","서비스,산업 > 기업"
"place-100","옥토끼우주센터","인천 강화군 불은면 강화동로 403","37.6737","126.4878","옥토끼우주센터","옥토끼우주센터","9949315","https://place.map.kakao.com/9949315","100","false","자동 매칭 승인 · 이름 정확히 일치 · 지역 인천·강화군·불은면·강화동로·403·강화 일치 · 기존 좌표에서 78m · 카테고리 과학관 일치 · 기존 장소 ID 일치 · 2위와 35점 차이","옥토끼우주센터","9949315","https://place.map.kakao.com/9949315","인천 강화군 불은면 두운리 1026","인천 강화군 불은면 강화동로 403","문화,예술 > 문화시설 > 과학관","옥토끼우주센터 은하수유수풀","1494726407","https://place.map.kakao.com/1494726407","인천 강화군 불은면 두운리 1026","인천 강화군 불은면 강화동로 403","스포츠,레저 > 수영,수상 > 수영장","옥토끼우주센터(인천) 전기차충전소","310784267","https://place.map.kakao.com/310784267","인천 강화군 불은면 두운리 1026","인천 강화군 불은면 강화동로 403","교통,수송 > 자동차 > 전기차 충전소"
