"id","name","address","latitude","longitude","kakaoSearchKeyword","officialSourceName","officialSourceUrl","verifiedAt","selectedKakaoPlaceName","selectedKakaoPlaceId","selectedKakaoPlaceUrl","confidenceScore","kakaoNeedsReview","reason","candidate1PlaceName","candidate1Id","candidate1PlaceUrl","candidate1AddressName","candidate1RoadAddressName","candidate1CategoryName","candidate2PlaceName","candidate2Id","candidate2PlaceUrl","candidate2AddressName","candidate2RoadAddressName","candidate2CategoryName","candidate3PlaceName","candidate3Id","candidate3PlaceUrl","candidate3AddressName","candidate3RoadAddressName","candidate3CategoryName"
"place-101","판교박물관","경기 성남시 분당구 판교로 191","37.4010722177055","127.095561449128","판교박물관","판교박물관","https://www.pangyomuseum.go.kr/","2026-09-09","판교박물관","19265257","https://place.map.kakao.com/19265257","100","false","기존 수동 검증 ID 유지 · 이름 정확히 일치 · 지역 경기·성남시·분당구·판교로·191·성남 일치 · 기존 좌표에서 0m · 카테고리 박물관 일치 · 기존 장소 ID 일치","판교박물관","19265257","https://place.map.kakao.com/19265257","경기 성남시 분당구 판교동 499","경기 성남시 분당구 판교로 191","문화,예술 > 문화시설 > 박물관","판교박물관 주차장","2031416667","https://place.map.kakao.com/2031416667","경기 성남시 분당구 판교동 499","","교통,수송 > 교통시설 > 주차장","판교환경생태학습원","15242648","https://place.map.kakao.com/15242648","경기 성남시 분당구 삼평동 637","경기 성남시 분당구 대왕판교로645번길 21","문화,예술 > 문화시설 > 박물관"
"place-102","성남큐브미술관","경기 성남시 분당구 성남대로 808","37.4012056586716","127.129543286097","성남큐브미술관","성남문화재단 성남큐브미술관","https://museum.snart.or.kr/main/cop/smt/sim/PotalSchdulManageList.do","2026-09-09","성남큐브미술관","15229989","https://place.map.kakao.com/15229989","100","false","기존 수동 검증 ID 유지 · 이름 정확히 일치 · 지역 경기·성남시·분당구·성남대로·808·성남 일치 · 기존 좌표에서 0m · 카테고리 미술관 일치 · 기존 장소 ID 일치","성남큐브미술관","15229989","https://place.map.kakao.com/15229989","경기 성남시 분당구 야탑동 757","경기 성남시 분당구 성남대로 808","문화,예술 > 문화시설 > 미술관","","","","","","","","","","","",""
"place-103","신구대학교식물원","경기 성남시 수정구 상적동 123-5","37.434521776864386","127.08086767385282","신구대학교식물원","신구대학교식물원","https://www.sbg.or.kr/","2026-09-09","신구대학교식물원","7964551","https://place.map.kakao.com/7964551","100","false","기존 수동 검증 ID 유지 · 이름 정확히 일치 · 지역 경기·성남시·수정구·상적동·1235·성남 일치 · 기존 좌표에서 0m · 기존 장소 ID 일치","신구대학교식물원","7964551","https://place.map.kakao.com/7964551","경기 성남시 수정구 상적동 123-5","","여행 > 관광,명소 > 수목원,식물원","신구대학교식물원 교재식물원","17582165","https://place.map.kakao.com/17582165","경기 성남시 수정구 상적동 121","","여행 > 관광,명소 > 수목원,식물원","신구대학교식물원 별님쉼터","17582162","https://place.map.kakao.com/17582162","경기 성남시 수정구 상적동 132-6","경기 성남시 수정구 적푸리로 9","여행 > 관광지부속시설"
"place-104","판교환경생태학습원","경기 성남시 분당구 대왕판교로645번길 21","37.3995911866032","127.103817633248","판교환경생태학습원","판교환경생태학습원","https://ppark.seongnam.go.kr/","2026-09-09","판교환경생태학습원","15242648","https://place.map.kakao.com/15242648","100","false","기존 수동 검증 ID 유지 · 이름 정확히 일치 · 지역 경기·성남시·분당구·대왕판교로645번길·21·성남 일치 · 기존 좌표에서 0m · 기존 장소 ID 일치","판교환경생태학습원","15242648","https://place.map.kakao.com/15242648","경기 성남시 분당구 삼평동 637","경기 성남시 분당구 대왕판교로645번길 21","문화,예술 > 문화시설 > 박물관","판교환경생태학습원 주차장","1993616084","https://place.map.kakao.com/1993616084","경기 성남시 분당구 삼평동 637","경기 성남시 분당구 대왕판교로645번길 21","교통,수송 > 교통시설 > 주차장","","","","","",""
"place-105","맹산환경생태학습원","경기 성남시 분당구 판교로 628","37.4052243034349","127.142015028459","맹산환경생태학습원","맹산환경생태학습원","https://mpark.seongnam.go.kr/","2026-09-09","맹산환경생태학습원","14585622","https://place.map.kakao.com/14585622","100","false","기존 수동 검증 ID 유지 · 이름 정확히 일치 · 지역 경기·성남시·분당구·판교로·628·성남 일치 · 기존 좌표에서 0m · 기존 장소 ID 일치","맹산환경생태학습원","14585622","https://place.map.kakao.com/14585622","경기 성남시 분당구 야탑동 422-3","경기 성남시 분당구 판교로 628","교육,학문 > 교육단체 > 체험학습장","","","","","","","","","","","",""
"place-106","성남시민농원","경기 성남시 중원구 성남동 4827","37.4256356495889","127.124731847293","성남시민농원","성남시 통합신청","https://www.seongnam.go.kr/apply/index","2026-09-09","성남시민농원","1938467362","https://place.map.kakao.com/1938467362","100","false","기존 수동 검증 ID 유지 · 이름 정확히 일치 · 지역 경기·성남시·중원구·성남동·4827·성남 일치 · 기존 좌표에서 0m · 기존 장소 ID 일치","성남시민농원","1938467362","https://place.map.kakao.com/1938467362","경기 성남시 중원구 성남동 4827","","여행 > 관광,명소 > 관광농원","성남시민농원 관리사무실","2091822936","https://place.map.kakao.com/2091822936","경기 성남시 중원구 성남동 4847","","서비스,산업 > 관리,운영","성남시민농원입구","1210614277","https://place.map.kakao.com/1210614277","경기 성남시 중원구 여수동 109-6","","교통,수송 > 도로시설"
"place-107","성남시 책테마파크도서관","경기 성남시 분당구 문정로 145","37.37932762847115","127.14822016107497","성남시 책테마파크도서관","성남시도서관사업소","https://www.snlib.go.kr/bt/index.do","2026-09-09","성남시 책테마파크도서관","11917359","https://place.map.kakao.com/11917359","100","false","기존 수동 검증 ID 유지 · 이름 정확히 일치 · 지역 경기·성남시·분당구·문정로·145·성남 일치 · 기존 좌표에서 0m · 카테고리 도서관 일치 · 기존 장소 ID 일치","성남시 책테마파크도서관","11917359","https://place.map.kakao.com/11917359","경기 성남시 분당구 율동 318","경기 성남시 분당구 문정로 145","교육,학문 > 학습시설 > 도서관","","","","","","","","","","","",""
"place-108","화랑공원","경기 성남시 분당구 대왕판교로645번길 21","37.3975641172759","127.105594700214","화랑공원 판교","성남시청","https://www.seongnam.go.kr/tour/1002114/11384/contents.do","2026-09-09","화랑공원","15214855","https://place.map.kakao.com/15214855","100","false","기존 수동 검증 ID 유지 · 이름 정확히 일치 · 지역 경기·성남시·분당구·대왕판교로645번길·21·성남 일치 · 기존 좌표에서 0m · 카테고리 공원 일치 · 기존 장소 ID 일치","화랑공원","15214855","https://place.map.kakao.com/15214855","경기 성남시 분당구 삼평동 639","경기 성남시 분당구 대왕판교로645번길 21","여행 > 공원 > 도시근린공원","화랑공원 바닥분수","27584080","https://place.map.kakao.com/27584080","경기 성남시 분당구 삼평동 639","경기 성남시 분당구 대왕판교로 609","여행 > 공원시설물","화랑공원 다목적광장스탠드","27584104","https://place.map.kakao.com/27584104","경기 성남시 분당구 삼평동 639","경기 성남시 분당구 대왕판교로 609","여행 > 공원시설물"
"place-109","분당중앙공원","경기 성남시 분당구 수내동 65","37.3775935483033","127.124430949164","분당중앙공원","성남시청","https://www.seongnam.go.kr/tour/1002114/11384/contents.do","2026-09-09","분당중앙공원","21385097","https://place.map.kakao.com/21385097","100","false","기존 수동 검증 ID 유지 · 이름 정확히 일치 · 지역 경기·성남시·분당구·수내동·65·성남 일치 · 기존 좌표에서 0m · 카테고리 공원 일치 · 기존 장소 ID 일치","분당중앙공원","21385097","https://place.map.kakao.com/21385097","경기 성남시 분당구 수내동 65","","여행 > 공원 > 도시근린공원","분당중앙공원 돌마각","1781369247","https://place.map.kakao.com/1781369247","경기 성남시 분당구 수내동 65","","여행 > 공원시설물","분당중앙공원 잔디광장","797534750","https://place.map.kakao.com/797534750","경기 성남시 분당구 수내동 65","","여행 > 관광,명소 > 광장"
"place-110","탄천민물고기습지생태원","경기 성남시 수정구 태평동 7027-1","37.44780533687801","127.11839821868574","탄천민물고기습지생태원","성남시 생태학습원","https://eco.seongnam.go.kr/","2026-09-09","탄천민물고기습지생태원","24351059","https://place.map.kakao.com/24351059","100","false","기존 수동 검증 ID 유지 · 이름 정확히 일치 · 지역 경기·성남시·수정구·태평동·70271·성남 일치 · 기존 좌표에서 0m · 기존 장소 ID 일치","탄천민물고기습지생태원","24351059","https://place.map.kakao.com/24351059","경기 성남시 수정구 태평동 7027-1","","여행 > 관광,명소 > 생태보존,서식지","","","","","","","","","","","",""
"place-111","현대어린이책미술관","경기 성남시 분당구 판교역로146번길 20","37.393302937041554","127.1117478744532","현대어린이책미술관","현대어린이책미술관 MOKA","https://www.hmoka.org/","2026-09-09","현대어린이책미술관","27477964","https://place.map.kakao.com/27477964","100","false","기존 수동 검증 ID 유지 · 이름 정확히 일치 · 지역 경기·성남시·분당구·판교역로146번길·20·성남 일치 · 기존 좌표에서 0m · 카테고리 문화시설 일치 · 기존 장소 ID 일치","현대어린이책미술관","27477964","https://place.map.kakao.com/27477964","경기 성남시 분당구 백현동 541","경기 성남시 분당구 판교역로146번길 20","문화,예술 > 문화시설 > 미술관","","","","","","","","","","","",""
"place-112","중원어린이도서관","경기 성남시 중원구 산성대로408번길 42","37.4477790368956","127.163169696012","중원어린이도서관","성남시 중원어린이도서관","https://www.snlib.go.kr/cjw/index.do","2026-09-09","중원어린이도서관","12754280","https://place.map.kakao.com/12754280","100","false","기존 수동 검증 ID 유지 · 이름 정확히 일치 · 지역 경기·성남시·중원구·산성대로408번길·42·성남 일치 · 기존 좌표에서 0m · 카테고리 도서관 일치 · 기존 장소 ID 일치","중원어린이도서관","12754280","https://place.map.kakao.com/12754280","경기 성남시 중원구 금광동 3487","경기 성남시 중원구 산성대로408번길 42","교육,학문 > 학습시설 > 도서관","중원어린이도서관 우주체험관","43440337","https://place.map.kakao.com/43440337","경기 성남시 중원구 금광동 3487","경기 성남시 중원구 산성대로408번길 42","교육,학문 > 학습시설 > 도서관","중원어린이도서관 전기차충전소","1127805392","https://place.map.kakao.com/1127805392","경기 성남시 중원구 금광동 3487","경기 성남시 중원구 산성대로408번길 42","교통,수송 > 자동차 > 전기차 충전소"
"place-113","용인자연휴양림","경기 용인시 처인구 모현읍 초부로 220","37.31486955130364","127.26781470468364","용인자연휴양림","용인자연휴양림","https://forest.yongin.go.kr/","2026-09-09","용인자연휴양림","11337761","https://place.map.kakao.com/11337761","100","false","기존 수동 검증 ID 유지 · 이름 정확히 일치 · 지역 경기·용인시·처인구·모현읍·초부로·220·용인 일치 · 기존 좌표에서 0m · 기존 장소 ID 일치","용인자연휴양림","11337761","https://place.map.kakao.com/11337761","경기 용인시 처인구 모현읍 초부리 산 22","경기 용인시 처인구 모현읍 초부로 220","여행 > 관광,명소 > 자연휴양림","용인자연휴양림 숲속체험관","17573701","https://place.map.kakao.com/17573701","경기 용인시 처인구 모현읍 초부리 산 22","경기 용인시 처인구 모현읍 초부로 220","여행 > 관광지부속시설","용인자연휴양림 야영장","784437518","https://place.map.kakao.com/784437518","경기 용인시 처인구 모현읍 초부리 산 22","경기 용인시 처인구 모현읍 초부로 220","여행 > 숙박 > 야영,캠핑장 > 오토캠핑장"
"place-114","한택식물원","경기 용인시 처인구 백암면 한택로 2","37.0945704852504","127.406580236664","한택식물원","용인시 관광","https://www.yongin.go.kr/home/yitour/ytour01/yttour08.jsp","2026-09-09","한택식물원","24063430","https://place.map.kakao.com/24063430","100","false","기존 수동 검증 ID 유지 · 이름 정확히 일치 · 지역 경기·용인시·처인구·백암면·한택로·용인 일치 · 기존 좌표에서 0m · 기존 장소 ID 일치","한택식물원","24063430","https://place.map.kakao.com/24063430","경기 용인시 처인구 백암면 옥산리 365","경기 용인시 처인구 백암면 한택로 2","여행 > 관광,명소 > 수목원,식물원","한택식물원 가든센터","17993813","https://place.map.kakao.com/17993813","경기 용인시 처인구 백암면 옥산리 365","경기 용인시 처인구 백암면 한택로 2","여행 > 관광지부속시설","한택식물원 그린데이즈","13602993","https://place.map.kakao.com/13602993","경기 용인시 처인구 백암면 옥산리 365","경기 용인시 처인구 백암면 한택로 2","음식점 > 카페"
"place-115","백남준아트센터","경기 용인시 기흥구 백남준로 10","37.26915464654854","127.11043783625658","백남준아트센터","경기문화재단 백남준아트센터","https://njp.ggcf.kr/","2026-09-09","백남준아트센터","7887532","https://place.map.kakao.com/7887532","100","false","기존 수동 검증 ID 유지 · 이름 정확히 일치 · 지역 경기·용인시·기흥구·백남준로·10·용인 일치 · 기존 좌표에서 0m · 카테고리 전시관 일치 · 기존 장소 ID 일치","백남준아트센터","7887532","https://place.map.kakao.com/7887532","경기 용인시 기흥구 상갈동 496","경기 용인시 기흥구 백남준로 10","문화,예술 > 문화시설 > 전시관","백남준아트센터 학예팀","10540326","https://place.map.kakao.com/10540326","경기 용인시 기흥구 상갈동 496","경기 용인시 기흥구 백남준로 10","서비스,산업 > 관리,운영 > 문화시설관리운영","백남준아트센터 카페테리아","13491565","https://place.map.kakao.com/13491565","경기 용인시 기흥구 상갈동 496","경기 용인시 기흥구 백남준로 10","음식점 > 카페"
"place-116","호암미술관","경기 용인시 처인구 포곡읍 에버랜드로562번길 38","37.294518913658344","127.19162661068194","호암미술관","호암미술관","https://www.leeumhoam.org/hoam","2026-09-09","호암미술관","8156072","https://place.map.kakao.com/8156072","100","false","기존 수동 검증 ID 유지 · 이름 정확히 일치 · 지역 경기·용인시·처인구·포곡읍·에버랜드로562번길·38·용인 일치 · 기존 좌표에서 0m · 카테고리 미술관 일치 · 기존 장소 ID 일치","호암미술관","8156072","https://place.map.kakao.com/8156072","경기 용인시 처인구 포곡읍 가실리 산 12-8","경기 용인시 처인구 포곡읍 에버랜드로562번길 38","문화,예술 > 문화시설 > 미술관","호암미술관 다실","17570357","https://place.map.kakao.com/17570357","경기 용인시 처인구 포곡읍 가실리 산 12-8","경기 용인시 처인구 포곡읍 에버랜드로562번길 38","서비스,산업 > 관리,운영 > 문화시설관리운영","호암미술관 전통정원희원","17577352","https://place.map.kakao.com/17577352","경기 용인시 처인구 포곡읍 가실리 207-6","경기 용인시 처인구 포곡읍 에버랜드로562번길 38","문화,예술 > 문화시설 > 미술관"
"place-117","용인대장금테마파크","경기 용인시 처인구 백암면 용천드라마길 25","37.1211916935391","127.337579430944","용인대장금테마파크","MBC 용인대장금파크","https://djgpark.imbc.com/","2026-09-09","용인대장금테마파크","11344902","https://place.map.kakao.com/11344902","100","false","기존 수동 검증 ID 유지 · 이름 정확히 일치 · 지역 경기·용인시·처인구·백암면·용천드라마길·25·용인 일치 · 기존 좌표에서 0m · 기존 장소 ID 일치","용인대장금테마파크","11344902","https://place.map.kakao.com/11344902","경기 용인시 처인구 백암면 용천리 778-1","경기 용인시 처인구 백암면 용천드라마길 25","여행 > 관광,명소 > 촬영지","용인대장금테마파크 글램핑 카라반","27190993","https://place.map.kakao.com/27190993","경기 용인시 처인구 백암면 용천리 781","경기 용인시 처인구 백암면 용천드라마길 25-10","여행 > 숙박 > 야영,캠핑장 > 카라반","용인대장금테마파크 매표소","26923198","https://place.map.kakao.com/26923198","경기 용인시 처인구 백암면 용천리 729","","서비스,산업 > 관리,운영 > 매표소"
"place-118","용인어린이상상의숲","경기 용인시 처인구 동백죽전대로 61","37.249803252894644","127.16580314301494","용인어린이상상의숲","용인문화재단 용인어린이상상의숲","https://www.yicf.or.kr/lib/cop/bbs/selectBoardList.do?bbsId=calendar2_lib&menuNo=030000&subMenuNo=030100","2026-09-09","용인어린이상상의숲","262113903","https://place.map.kakao.com/262113903","100","false","기존 수동 검증 ID 유지 · 이름 정확히 일치 · 지역 경기·용인시·처인구·동백죽전대로·61·용인 일치 · 기존 좌표에서 0m · 카테고리 문화시설 일치 · 기존 장소 ID 일치","용인어린이상상의숲","262113903","https://place.map.kakao.com/262113903","경기 용인시 처인구 삼가동 28-6","경기 용인시 처인구 동백죽전대로 61","문화,예술 > 문화시설","용인어린이상상의숲 ICT 체험관","1402954835","https://place.map.kakao.com/1402954835","경기 용인시 처인구 삼가동 28-6","경기 용인시 처인구 동백죽전대로 61","교육,학문 > 교육단체 > 체험학습장","용인문화도시플랫폼 공생광장","1193457223","https://place.map.kakao.com/1193457223","경기 용인시 처인구 삼가동 28-6","경기 용인시 처인구 동백죽전대로 61","문화,예술 > 문화시설"
"place-119","용인시박물관","경기 용인시 기흥구 동백3로 79","37.2738709755446","127.15721472179","용인시박물관","용인시박물관","https://www.yongin.go.kr/museum/index.do","2026-09-09","용인시박물관","11539798","https://place.map.kakao.com/11539798","100","false","기존 수동 검증 ID 유지 · 이름 정확히 일치 · 지역 경기·용인시·기흥구·동백3로·79·용인 일치 · 기존 좌표에서 0m · 카테고리 박물관 일치 · 기존 장소 ID 일치","용인시박물관","11539798","https://place.map.kakao.com/11539798","경기 용인시 기흥구 중동 862","경기 용인시 기흥구 동백3로 79","문화,예술 > 문화시설 > 박물관","","","","","","","","","","","",""
"place-120","한국등잔박물관","경기 용인시 처인구 모현읍 능곡로56번길 8","37.336636645026914","127.17787630127773","한국등잔박물관","한국등잔박물관","https://www.deungjan.org/","2026-09-09","한국등잔박물관","10861192","https://place.map.kakao.com/10861192","100","false","기존 수동 검증 ID 유지 · 이름 정확히 일치 · 지역 경기·용인시·처인구·모현읍·능곡로56번길·용인 일치 · 기존 좌표에서 0m · 카테고리 박물관 일치 · 기존 장소 ID 일치","한국등잔박물관","10861192","https://place.map.kakao.com/10861192","경기 용인시 처인구 모현읍 능원리 258-9","경기 용인시 처인구 모현읍 능곡로56번길 8","문화,예술 > 문화시설 > 박물관","한국등잔박물관 무장애오감체험관","1091263408","https://place.map.kakao.com/1091263408","경기 용인시 처인구 모현읍 능원리 258-9","경기 용인시 처인구 모현읍 능곡로56번길 8","교육,학문 > 교육단체 > 체험학습장","한국등잔박물관 주차장","20593316","https://place.map.kakao.com/20593316","경기 용인시 처인구 모현읍 능원리 229-2","경기 용인시 처인구 모현읍 능곡로56번길 7","교통,수송 > 교통시설 > 주차장"
"place-121","단국대학교 석주선기념박물관","경기 용인시 수지구 죽전로 152","37.3191707418045","127.127908647856","단국대학교 석주선기념박물관","단국대학교 석주선기념박물관","https://museum.dankook.ac.kr/","2026-09-09","단국대학교 석주선기념박물관","11972561","https://place.map.kakao.com/11972561","100","false","기존 수동 검증 ID 유지 · 이름 정확히 일치 · 지역 경기·용인시·수지구·죽전로·152·용인 일치 · 기존 좌표에서 0m · 카테고리 박물관 일치 · 기존 장소 ID 일치","단국대학교 석주선기념박물관","11972561","https://place.map.kakao.com/11972561","경기 용인시 수지구 죽전동 1491","경기 용인시 수지구 죽전로 152","문화,예술 > 문화시설 > 박물관","","","","","","","","","","","",""
"place-122","캐리비안베이","경기 용인시 처인구 포곡읍 에버랜드로 199","37.2971091835927","127.200987568397","캐리비안베이","에버랜드 리조트 캐리비안 베이","https://www.everland.com/caribbeanbay/home/main","2026-09-09","캐리비안베이","8004914","https://place.map.kakao.com/8004914","100","false","기존 수동 검증 ID 유지 · 이름 정확히 일치 · 지역 경기·용인시·처인구·포곡읍·에버랜드로·199·용인 일치 · 기존 좌표에서 0m · 기존 장소 ID 일치","캐리비안베이","8004914","https://place.map.kakao.com/8004914","경기 용인시 처인구 포곡읍 전대리 310","경기 용인시 처인구 포곡읍 에버랜드로 199","여행 > 관광,명소 > 테마파크 > 워터테마파크","캐리비안베이 파도풀","17581656","https://place.map.kakao.com/17581656","경기 용인시 처인구 포곡읍 유운리 551-1","경기 용인시 처인구 포곡읍 에버랜드로 199","여행 > 관광,명소 > 테마파크 > 테마파크시설","캐리비안베이 어드벤처빌리지","19599456","https://place.map.kakao.com/19599456","경기 용인시 처인구 포곡읍 전대리 310","경기 용인시 처인구 포곡읍 에버랜드로 199","여행 > 관광,명소 > 테마파크 > 테마파크시설"
"place-123","플라이스테이션코리아","경기 용인시 처인구 포곡읍 성산로 521","37.28088992407525","127.19920791547494","플라이스테이션코리아","플라이스테이션코리아","https://flystation.kr/","2026-09-09","플라이스테이션코리아","785804057","https://place.map.kakao.com/785804057","100","false","기존 수동 검증 ID 유지 · 이름 정확히 일치 · 지역 경기·용인시·처인구·포곡읍·성산로·521·용인 일치 · 기존 좌표에서 0m · 기존 장소 ID 일치","플라이스테이션코리아","785804057","https://place.map.kakao.com/785804057","경기 용인시 처인구 포곡읍 마성리 72-17","경기 용인시 처인구 포곡읍 성산로 521","스포츠,레저 > 스포츠시설","","","","","","","","","","","",""
"place-124","뮤지엄그라운드","경기 용인시 수지구 샘말로 122","37.3564117946052","127.044088520348","뮤지엄그라운드","용인시 관광 용인투어패스","https://www.yongin.go.kr/home/yitour/ytour02/yttema04.jsp","2026-09-09","뮤지엄그라운드","564452597","https://place.map.kakao.com/564452597","100","false","기존 수동 검증 ID 유지 · 이름 정확히 일치 · 지역 경기·용인시·수지구·샘말로·122·용인 일치 · 기존 좌표에서 0m · 카테고리 미술관 일치 · 기존 장소 ID 일치","뮤지엄그라운드","564452597","https://place.map.kakao.com/564452597","경기 용인시 수지구 고기동 400-5","경기 용인시 수지구 샘말로 122","문화,예술 > 문화시설 > 미술관","뮤지엄그라운드 주차장","1554960813","https://place.map.kakao.com/1554960813","경기 용인시 수지구 고기동 400-14","","교통,수송 > 교통시설 > 주차장","","","","","",""
"place-125","벗이미술관","경기 용인시 처인구 양지읍 학촌로53번길 4","37.241414463455065","127.302183325611","벗이미술관","용인시 관광","https://www.yongin.go.kr/user/bbs/BD_selectBbs.do?q_bbsCode=1076&q_bbscttSn=20251210111141957&q_clCode=1","2026-09-09","벗이미술관","27367059","https://place.map.kakao.com/27367059","100","false","기존 수동 검증 ID 유지 · 이름 정확히 일치 · 지역 경기·용인시·처인구·양지읍·학촌로53번길·용인 일치 · 기존 좌표에서 0m · 카테고리 미술관 일치 · 기존 장소 ID 일치","벗이미술관","27367059","https://place.map.kakao.com/27367059","경기 용인시 처인구 양지읍 양지리 6-10","경기 용인시 처인구 양지읍 학촌로53번길 4","문화,예술 > 문화시설 > 미술관","벗이미술관 주차장","928603400","https://place.map.kakao.com/928603400","경기 용인시 처인구 양지읍 양지리 6-10","","교통,수송 > 교통시설 > 주차장","","","","","",""
"place-126","한국미술관","경기 용인시 기흥구 마북로 244-2","37.30897197673613","127.13197708689279","한국미술관 용인","용인시 관광 용인투어패스","https://www.yongin.go.kr/home/yitour/ytour02/yttema04.jsp","2026-09-09","한국미술관","8587364","https://place.map.kakao.com/8587364","100","false","기존 수동 검증 ID 유지 · 이름 정확히 일치 · 지역 경기·용인시·기흥구·마북로·2442·용인 일치 · 기존 좌표에서 0m · 카테고리 미술관 일치 · 기존 장소 ID 일치","한국미술관","8587364","https://place.map.kakao.com/8587364","경기 용인시 기흥구 마북동 73-1","경기 용인시 기흥구 마북로 244-2","문화,예술 > 문화시설 > 미술관","","","","","","","","","","","",""
"place-127","농도원목장","경기 용인시 처인구 원삼면 원양로377번길 1-34","37.1924660335525","127.301125410447","농도원목장","용인시 농업기술센터","https://www.yongin.go.kr/home/atc/cityConsum/cityConsum01/cityConsum01_02/cityConsum01_02_01.jsp","2026-09-09","농도원목장","14615405","https://place.map.kakao.com/14615405","100","false","기존 수동 검증 ID 유지 · 이름 정확히 일치 · 지역 경기·용인시·처인구·원삼면·원양로377번길·134·용인 일치 · 기존 좌표에서 0m · 기존 장소 ID 일치","농도원목장","14615405","https://place.map.kakao.com/14615405","경기 용인시 처인구 원삼면 사암리 542-1","경기 용인시 처인구 원삼면 원양로377번길 1-34","서비스,산업 > 축산업 > 농장,목장","","","","","","","","","","","",""
"place-128","청계목장","경기 용인시 처인구 백암면 청계로104번길 20","37.1533256896772","127.40050511669531","청계목장 용인","용인시 농업기술센터","https://www.yongin.go.kr/home/atc/cityConsum/cityConsum01/cityConsum01_03/cityConsum01_03_06.jsp","2026-09-09","청계목장","8109326","https://place.map.kakao.com/8109326","100","false","기존 수동 검증 ID 유지 · 이름 정확히 일치 · 지역 경기·용인시·처인구·백암면·청계로104번길·20·용인 일치 · 기존 좌표에서 0m · 기존 장소 ID 일치","청계목장","8109326","https://place.map.kakao.com/8109326","경기 용인시 처인구 백암면 박곡리 270-3","경기 용인시 처인구 백암면 청계로104번길 20","서비스,산업 > 축산업 > 농장,목장","","","","","","","","","","","",""
"place-129","용인곤충테마파크","경기 용인시 처인구 백암면 삼백로835번길 38","37.14558392717383","127.36474929174514","용인곤충테마파크","용인시 관광","https://www.yongin.go.kr/user/bbs/BD_selectBbs.do?q_bbsCode=1076&q_bbscttSn=20260312135711867&q_clCode=-1","2026-09-09","용인곤충테마파크","27318757","https://place.map.kakao.com/27318757","100","false","기존 수동 검증 ID 유지 · 이름 정확히 일치 · 지역 경기·용인시·처인구·백암면·삼백로835번길·38·용인 일치 · 기존 좌표에서 0m · 기존 장소 ID 일치","용인곤충테마파크","27318757","https://place.map.kakao.com/27318757","경기 용인시 처인구 백암면 근삼리 305-1","경기 용인시 처인구 백암면 삼백로835번길 38","교육,학문 > 교육단체 > 체험학습장","용인곤충테마파크 정문","1925826585","https://place.map.kakao.com/1925826585","경기 용인시 처인구 백암면 근삼리 305-4","","교통,수송 > 입출구","용인곤충테마파크 나비주차장","197158449","https://place.map.kakao.com/197158449","경기 용인시 처인구 백암면 근삼리 307-1","","교통,수송 > 교통시설 > 주차장"
"place-130","안젤리미술관","경기 용인시 처인구 이동읍 이원로 244","37.1842930678316","127.231576822756","안젤리미술관","용인시 문화행사","https://www.yongin.go.kr/user/web/event/BD_selectClturEventPfmc.do?q_esn=470","2026-09-09","안젤리미술관","26612542","https://place.map.kakao.com/26612542","100","false","기존 수동 검증 ID 유지 · 이름 정확히 일치 · 지역 경기·용인시·처인구·이동읍·이원로·244·용인 일치 · 기존 좌표에서 0m · 카테고리 미술관 일치 · 기존 장소 ID 일치","안젤리미술관","26612542","https://place.map.kakao.com/26612542","경기 용인시 처인구 이동읍 묵리 724-4","경기 용인시 처인구 이동읍 이원로 244","문화,예술 > 문화시설 > 미술관","","","","","","","","","","","",""
"place-131","수원박물관","경기 수원시 영통구 창룡대로 265","37.2977394743763","127.035410325887","수원박물관","수원박물관","https://smuseum.suwon.go.kr/sw/contents/view?contentsNo=108&menuLevel=3&menuNo=88","2026-09-09","수원박물관","7958133","https://place.map.kakao.com/7958133","100","false","기존 수동 검증 ID 유지 · 이름 정확히 일치 · 지역 경기·수원시·영통구·창룡대로·265·수원 일치 · 기존 좌표에서 0m · 카테고리 박물관 일치 · 기존 장소 ID 일치","수원박물관","7958133","https://place.map.kakao.com/7958133","경기 수원시 영통구 이의동 1088-10","경기 수원시 영통구 창룡대로 265","문화,예술 > 문화시설 > 박물관","수원박물관 학예팀","10546433","https://place.map.kakao.com/10546433","경기 수원시 영통구 이의동 1088-10","경기 수원시 영통구 창룡대로 265","서비스,산업 > 관리,운영 > 문화시설관리운영","수원박물관 실감영상관","1576274947","https://place.map.kakao.com/1576274947","경기 수원시 영통구 이의동 1088-10","경기 수원시 영통구 창룡대로 265","문화,예술 > 문화시설 > 전시관"
"place-132","수원화성박물관","경기 수원시 팔달구 창룡대로 21","37.282717530014","127.019025489213","수원화성박물관","수원화성박물관","https://smuseum.suwon.go.kr/hs/contents/view?contentsNo=134&menuLevel=3&menuNo=141","2026-09-09","수원화성박물관","12027576","https://place.map.kakao.com/12027576","100","false","기존 수동 검증 ID 유지 · 이름 정확히 일치 · 지역 경기·수원시·팔달구·창룡대로·21·수원 일치 · 기존 좌표에서 0m · 카테고리 박물관 일치 · 기존 장소 ID 일치","수원화성박물관","12027576","https://place.map.kakao.com/12027576","경기 수원시 팔달구 매향동 49","경기 수원시 팔달구 창룡대로 21","문화,예술 > 문화시설 > 박물관","수원화성박물관 학예팀","10535798","https://place.map.kakao.com/10535798","경기 수원시 팔달구 매향동 49","경기 수원시 팔달구 창룡대로 21","서비스,산업 > 관리,운영 > 문화시설관리운영","수원화성박물관 주차장","25612933","https://place.map.kakao.com/25612933","경기 수원시 팔달구 매향동 49","경기 수원시 팔달구 창룡대로 21","교통,수송 > 교통시설 > 주차장 > 공영주차장"
"place-133","수원시립미술관","경기 수원시 팔달구 정조로 833","37.2826855567482","127.015877120389","수원시립미술관","수원시립미술관","https://suma.suwon.go.kr/","2026-09-09","수원시립미술관","26935263","https://place.map.kakao.com/26935263","100","false","기존 수동 검증 ID 유지 · 이름 정확히 일치 · 지역 경기·수원시·팔달구·정조로·833·수원 일치 · 기존 좌표에서 0m · 카테고리 미술관 일치 · 기존 장소 ID 일치","수원시립미술관","26935263","https://place.map.kakao.com/26935263","경기 수원시 팔달구 신풍동 238-1","경기 수원시 팔달구 정조로 833","문화,예술 > 문화시설 > 미술관","수원시립미술관 포니정홀","27259755","https://place.map.kakao.com/27259755","경기 수원시 팔달구 신풍동 238-1","경기 수원시 팔달구 정조로 833","문화,예술 > 문화시설 > 미술관","수원시립미술관 주차장","1310605407","https://place.map.kakao.com/1310605407","경기 수원시 팔달구 신풍동 238-1","경기 수원시 팔달구 정조로 833","교통,수송 > 교통시설 > 주차장"
"place-134","국립농업박물관","경기 수원시 권선구 수인로 154","37.27616535009822","126.98213978025098","국립농업박물관","국립농업박물관","https://www.namuk.or.kr/","2026-09-09","국립농업박물관","1802170966","https://place.map.kakao.com/1802170966","100","false","기존 수동 검증 ID 유지 · 이름 정확히 일치 · 지역 경기·수원시·권선구·수인로·154·수원 일치 · 기존 좌표에서 0m · 카테고리 박물관 일치 · 기존 장소 ID 일치","국립농업박물관","1802170966","https://place.map.kakao.com/1802170966","경기 수원시 권선구 서둔동 249-7","경기 수원시 권선구 수인로 154","문화,예술 > 문화시설 > 박물관","국립농업박물관 어린이박물관","745558506","https://place.map.kakao.com/745558506","경기 수원시 권선구 서둔동 249-7","경기 수원시 권선구 수인로 154","문화,예술 > 문화시설 > 박물관","국립농업박물관 교육동","1826048014","https://place.map.kakao.com/1826048014","경기 수원시 권선구 서둔동 249-7","경기 수원시 권선구 수인로 154","문화,예술 > 문화시설 > 박물관"
"place-135","아쿠아플라넷 광교","경기 수원시 영통구 광교호수공원로 300","37.284399476111204","127.05846363198269","아쿠아플라넷 광교","아쿠아플라넷 광교","https://www.aquaplanet.co.kr/gwanggyo","2026-09-09","아쿠아플라넷 광교","1482138481","https://place.map.kakao.com/1482138481","100","false","기존 수동 검증 ID 유지 · 이름 정확히 일치 · 지역 경기·수원시·영통구·광교호수공원로·300·수원 일치 · 기존 좌표에서 0m · 카테고리 아쿠아리움 일치 · 기존 장소 ID 일치","아쿠아플라넷 광교","1482138481","https://place.map.kakao.com/1482138481","경기 수원시 영통구 하동 1017-4","경기 수원시 영통구 광교호수공원로 300","문화,예술 > 문화시설 > 아쿠아리움","","","","","","","","","","","",""
"place-136","일월수목원","경기 수원시 장안구 일월로 61","37.28835545840041","126.97665617545374","일월수목원","수원시 일월수목원","https://www.suwon.go.kr/web/iwarbor/index.do","2026-09-09","일월수목원","380088639","https://place.map.kakao.com/380088639","100","false","기존 수동 검증 ID 유지 · 이름 정확히 일치 · 지역 경기·수원시·장안구·일월로·61·수원 일치 · 기존 좌표에서 0m · 카테고리 수목원 일치 · 기존 장소 ID 일치","일월수목원","380088639","https://place.map.kakao.com/380088639","경기 수원시 장안구 천천동 430","경기 수원시 장안구 일월로 61","여행 > 관광,명소 > 수목원,식물원","일월수목원 전시온실","2109769446","https://place.map.kakao.com/2109769446","경기 수원시 장안구 천천동 430","경기 수원시 장안구 일월로 61","여행 > 관광,명소 > 수목원,식물원","일월수목원 카페 데이지원","671875512","https://place.map.kakao.com/671875512","경기 수원시 장안구 천천동 430","경기 수원시 장안구 일월로 61","음식점 > 카페"
"place-137","영흥수목원","경기 수원시 영통구 영통로 435","37.26325150071228","127.07101155629842","영흥수목원","수원시 영흥수목원","https://www.suwon.go.kr/web/yharbor/index.do","2026-09-09","영흥수목원","1665097801","https://place.map.kakao.com/1665097801","100","false","기존 수동 검증 ID 유지 · 이름 정확히 일치 · 지역 경기·수원시·영통구·영통로·435·수원 일치 · 기존 좌표에서 0m · 카테고리 수목원 일치 · 기존 장소 ID 일치","영흥수목원","1665097801","https://place.map.kakao.com/1665097801","경기 수원시 영통구 영통동 36-3","경기 수원시 영통구 영통로 435","여행 > 관광,명소 > 수목원,식물원","영흥수목원 온실","1043103444","https://place.map.kakao.com/1043103444","경기 수원시 영통구 영통동 36-3","경기 수원시 영통구 영통로 435","여행 > 관광,명소 > 수목원,식물원","영흥수목원 카페버터플라이","439701323","https://place.map.kakao.com/439701323","경기 수원시 영통구 영통동 36-3","경기 수원시 영통구 영통로 435","음식점 > 카페"
"place-138","광교호수공원","경기 수원시 영통구 하동 1020","37.28422019285532","127.06692544726018","광교호수공원","수원시 관광","https://www.suwon.go.kr/web/visitsuwon/index.do","2026-09-09","광교호수공원","15099364","https://place.map.kakao.com/15099364","100","false","기존 수동 검증 ID 유지 · 이름 정확히 일치 · 지역 경기·수원시·영통구·하동·1020·수원 일치 · 기존 좌표에서 0m · 카테고리 공원 일치 · 기존 장소 ID 일치","광교호수공원","15099364","https://place.map.kakao.com/15099364","경기 수원시 영통구 하동 1020","","여행 > 공원 > 도시근린공원","광교호수공원 재미난밭","26465945","https://place.map.kakao.com/26465945","경기 수원시 영통구 하동 1024","경기 수원시 영통구 광교호수로 131","여행 > 공원시설물","광교호수공원 스포츠클라이밍장","25712434","https://place.map.kakao.com/25712434","경기 수원시 영통구 하동 999","","여행 > 공원시설물"
"place-139","해우재","경기 수원시 장안구 장안로458번길 9","37.319099052644","126.977921514245","해우재","해우재","https://www.haewoojae.com/","2026-09-09","해우재","717961044","https://place.map.kakao.com/717961044","100","false","기존 수동 검증 ID 유지 · 이름 정확히 일치 · 지역 경기·수원시·장안구·장안로458번길·수원 일치 · 기존 좌표에서 0m · 카테고리 박물관 일치 · 기존 장소 ID 일치","해우재","717961044","https://place.map.kakao.com/717961044","경기 수원시 장안구 이목동 186-3","경기 수원시 장안구 장안로458번길 9","문화,예술 > 문화시설 > 박물관","해우재문화센터","1991587646","https://place.map.kakao.com/1991587646","경기 수원시 장안구 이목동 184-6","경기 수원시 장안구 장안로 463","문화,예술 > 문화시설 > 전시관","해우재 전기차충전소","622848449","https://place.map.kakao.com/622848449","경기 수원시 장안구 이목동 184-6","경기 수원시 장안구 장안로 463","교통,수송 > 자동차 > 전기차 충전소"
"place-140","수원시기후변화체험교육관 두드림","경기 수원시 권선구 호매실로 46-38","37.2578245432676","126.968639468606","수원시기후변화체험교육관 두드림","수원시기후변화체험교육관 두드림","https://www.swdodream.or.kr/","2026-09-09","수원시기후변화체험교육관 두드림","23831636","https://place.map.kakao.com/23831636","100","false","기존 수동 검증 ID 유지 · 이름 정확히 일치 · 지역 경기·수원시·권선구·호매실로·4638·수원 일치 · 기존 좌표에서 0m · 기존 장소 ID 일치","수원시기후변화체험교육관 두드림","23831636","https://place.map.kakao.com/23831636","경기 수원시 권선구 탑동 907","경기 수원시 권선구 호매실로 46-38","교육,학문 > 교육단체 > 체험학습장","수원시기후변화체험교육관 두드림 씨앗도서관","26949751","https://place.map.kakao.com/26949751","경기 수원시 권선구 탑동 907","경기 수원시 권선구 호매실로 46-38","서비스,산업 > 농업","","","","","",""
"place-141","경기상상캠퍼스","경기 수원시 권선구 서둔로 166","37.26665063256984","126.98407213168088","경기상상캠퍼스","경기문화재단 경기상상캠퍼스","https://sscampus.kr/","2026-09-09","경기상상캠퍼스","1982560219","https://place.map.kakao.com/1982560219","100","false","기존 수동 검증 ID 유지 · 이름 정확히 일치 · 지역 경기·수원시·권선구·서둔로·166·수원 일치 · 기존 좌표에서 0m · 카테고리 문화시설 일치 · 기존 장소 ID 일치","경기상상캠퍼스","1982560219","https://place.map.kakao.com/1982560219","경기 수원시 권선구 서둔동 103-25","경기 수원시 권선구 서둔로 166","문화,예술 > 문화시설","경기상상캠퍼스 청년1981","206827128","https://place.map.kakao.com/206827128","경기 수원시 권선구 서둔동 103-25","경기 수원시 권선구 서둔로 166","문화,예술 > 문화시설","경기상상캠퍼스 공작1967","1688226003","https://place.map.kakao.com/1688226003","경기 수원시 권선구 서둔동 103-25","경기 수원시 권선구 서둔로 166","교육,학문 > 문화센터"
"place-142","수원월드컵경기장 축구박물관","경기 수원시 팔달구 월드컵로 310","37.2858419427205","127.036162553562","수원월드컵경기장 축구박물관","경기도수원월드컵경기장관리재단","https://suwonworldcup.gg.go.kr/","2026-09-09","수원월드컵경기장 축구박물관","17572778","https://place.map.kakao.com/17572778","100","false","기존 수동 검증 ID 유지 · 이름 정확히 일치 · 지역 경기·수원시·팔달구·월드컵로·310·수원 일치 · 기존 좌표에서 0m · 카테고리 박물관 일치 · 기존 장소 ID 일치","수원월드컵경기장 축구박물관","17572778","https://place.map.kakao.com/17572778","경기 수원시 팔달구 우만동 201-2","경기 수원시 팔달구 월드컵로 310","문화,예술 > 문화시설 > 박물관","","","","","","","","","","","",""
"place-143","수원시립아트스페이스 광교","경기 수원시 영통구 광교중앙로 140","37.28602697366445","127.05982375278026","수원시립아트스페이스 광교","수원시립미술관","https://suma.suwon.go.kr/","2026-09-09","수원시립아트스페이스 광교","779311259","https://place.map.kakao.com/779311259","100","false","기존 수동 검증 ID 유지 · 이름 정확히 일치 · 지역 경기·수원시·영통구·광교중앙로·140·수원 일치 · 기존 좌표에서 0m · 카테고리 미술관 일치 · 기존 장소 ID 일치","수원시립아트스페이스 광교","779311259","https://place.map.kakao.com/779311259","경기 수원시 영통구 하동 1017","경기 수원시 영통구 광교중앙로 140","문화,예술 > 문화시설 > 미술관","","","","","","","","","","","",""
"place-144","플라잉수원","경기 수원시 팔달구 경수대로 697","37.2872809237069","127.02573986559364","플라잉수원","플라잉수원","http://www.flyingsuwon.com/","2026-09-09","플라잉수원","1141207437","https://place.map.kakao.com/1141207437","100","false","기존 수동 검증 ID 유지 · 이름 정확히 일치 · 지역 경기·수원시·팔달구·경수대로·697·수원 일치 · 기존 좌표에서 0m · 기존 장소 ID 일치","플라잉수원","1141207437","https://place.map.kakao.com/1141207437","경기 수원시 팔달구 지동 261-1","경기 수원시 팔달구 경수대로 697","스포츠,레저 > 스포츠시설","헤이랑","1841077460","https://place.map.kakao.com/1841077460","경기 수원시 팔달구 지동 232-13","경기 수원시 팔달구 창룡문로 110","음식점 > 카페 > 테마카페 > 디저트카페","사비트리요가앤플라잉","1787051546","https://place.map.kakao.com/1787051546","경기 수원시 팔달구 우만동 557-11","경기 수원시 팔달구 경수대로604번길 3","스포츠,레저 > 요가,필라테스"
"place-145","화성시어린이문화센터","경기 화성시 효행구 봉담읍 동화길 146","37.21243286694116","126.96073045112875","화성시어린이문화센터","화성시어린이문화센터","https://childrenjob.hscity.go.kr/index.do","2026-09-09","화성시어린이문화센터","107708346","https://place.map.kakao.com/107708346","100","false","기존 수동 검증 ID 유지 · 이름 정확히 일치 · 지역 경기·화성시·효행구·봉담읍·동화길·146·화성 일치 · 기존 좌표에서 0m · 기존 장소 ID 일치","화성시어린이문화센터","107708346","https://place.map.kakao.com/107708346","경기 화성시 효행구 봉담읍 동화리 590","경기 화성시 효행구 봉담읍 동화길 146","교육,학문 > 문화센터","화성시 어린이 문화센터 전기차충전소","1455932511","https://place.map.kakao.com/1455932511","경기 화성시 효행구 봉담읍 동화리 590","경기 화성시 효행구 봉담읍 동화길 146","교통,수송 > 자동차 > 전기차 충전소","노노카페 어린이문화센터점","2095099918","https://place.map.kakao.com/2095099918","경기 화성시 효행구 봉담읍 동화리 590","경기 화성시 효행구 봉담읍 동화길 146","음식점 > 카페"
"place-146","화성시우리꽃식물원","경기 화성시 만세구 팔탄면 3.1만세로 777-17","37.11543314894509","126.88287176897892","화성시우리꽃식물원","화성시우리꽃식물원","https://botanic.hscity.go.kr/botanic/intro/price.jsp","2026-09-09","화성시우리꽃식물원","11487287","https://place.map.kakao.com/11487287","100","false","기존 수동 검증 ID 유지 · 이름 정확히 일치 · 지역 경기·화성시·만세구·팔탄면·31만세로·77717·화성 일치 · 기존 좌표에서 0m · 기존 장소 ID 일치","화성시우리꽃식물원","11487287","https://place.map.kakao.com/11487287","경기 화성시 만세구 팔탄면 매곡리 179-18","경기 화성시 만세구 팔탄면 3.1만세로 777-17","여행 > 관광,명소 > 수목원,식물원","화성시우리꽃식물원 소원탑","17582178","https://place.map.kakao.com/17582178","경기 화성시 만세구 팔탄면 매곡리 179-18","경기 화성시 만세구 팔탄면 3.1만세로 777-17","여행 > 관광,명소 > 문화유적 > 탑,비석","화성시우리꽃식물원 관리동","17582899","https://place.map.kakao.com/17582899","경기 화성시 만세구 팔탄면 매곡리 179-18","경기 화성시 만세구 팔탄면 3.1만세로 777-17","서비스,산업 > 관리,운영 > 관광지관리운영"
"place-147","화성시역사박물관","경기 화성시 만세구 향남읍 행정동로 96","37.13259838095329","126.92804158221362","화성시역사박물관","화성특례시 통합예약","https://yeyak.hscity.go.kr/1101/3059/instContact.do","2026-09-09","화성시역사박물관","11973856","https://place.map.kakao.com/11973856","100","false","기존 수동 검증 ID 유지 · 이름 정확히 일치 · 지역 경기·화성시·만세구·향남읍·행정동로·96·화성 일치 · 기존 좌표에서 0m · 카테고리 박물관 일치 · 기존 장소 ID 일치","화성시역사박물관","11973856","https://place.map.kakao.com/11973856","경기 화성시 만세구 향남읍 행정리 478","경기 화성시 만세구 향남읍 행정동로 96","문화,예술 > 문화시설 > 박물관","","","","","","","","","","","",""
"place-148","시립반석산에코스쿨","경기 화성시 동탄구 노작로 158","37.20244673687721","127.07448031439617","시립반석산에코스쿨","화성특례시 통합예약","https://yeyak.hscity.go.kr/1101/3059/instContact.do","2026-09-09","시립반석산에코스쿨","742850767","https://place.map.kakao.com/742850767","100","false","기존 수동 검증 ID 유지 · 이름 정확히 일치 · 지역 경기·화성시·동탄구·노작로·158·화성 일치 · 기존 좌표에서 0m · 기존 장소 ID 일치","시립반석산에코스쿨","742850767","https://place.map.kakao.com/742850767","경기 화성시 동탄구 반송동 108","경기 화성시 동탄구 노작로 158","교육,학문 > 교육단체 > 체험학습장","","","","","","","","","","","",""
"place-149","동탄호수공원","경기 화성시 동탄구 동탄순환대로 69","37.166895510841705","127.10242999073435","동탄호수공원","화성특례시 통합예약","https://yeyak.hscity.go.kr/1101/3059/instContact.do","2026-09-09","동탄호수공원","27305931","https://place.map.kakao.com/27305931","100","false","기존 수동 검증 ID 유지 · 이름 정확히 일치 · 지역 경기·화성시·동탄구·동탄순환대로·69·화성 일치 · 기존 좌표에서 0m · 카테고리 공원 일치 · 기존 장소 ID 일치","동탄호수공원","27305931","https://place.map.kakao.com/27305931","경기 화성시 동탄구 송동 727","경기 화성시 동탄구 동탄순환대로 69","여행 > 공원","동탄호수공원지하 공영주차장","192783506","https://place.map.kakao.com/192783506","경기 화성시 동탄구 송동 727","경기 화성시 동탄구 동탄순환대로 69","교통,수송 > 교통시설 > 주차장 > 공영주차장","동탄호수공원 주차타워","282409190","https://place.map.kakao.com/282409190","경기 화성시 동탄구 송동 724-1","경기 화성시 동탄구 동탄대로5길 12","교통,수송 > 교통시설 > 주차장 > 주차빌딩"
"place-150","화성시독립운동기념관","경기 화성시 만세구 향남읍 제암고주로 34","37.12500055818061","126.89031996713427","화성시독립운동기념관","화성시독립운동기념관","https://hs815.hscity.go.kr/","2026-09-09","화성시독립운동기념관","10714405","https://place.map.kakao.com/10714405","100","false","기존 수동 검증 ID 유지 · 이름 정확히 일치 · 지역 경기·화성시·만세구·향남읍·제암고주로·34·화성 일치 · 기존 좌표에서 0m · 카테고리 기념관 일치 · 기존 장소 ID 일치","화성시독립운동기념관","10714405","https://place.map.kakao.com/10714405","경기 화성시 만세구 향남읍 제암리 412-3","경기 화성시 만세구 향남읍 제암고주로 34","문화,예술 > 문화시설 > 기념관","화성시 독립운동기념관 전기차충전소","1194647465","https://place.map.kakao.com/1194647465","경기 화성시 만세구 향남읍 제암리 321","","교통,수송 > 자동차 > 전기차 충전소","","","","","",""
